Order_ID,Date,Country,Segment,Product,Discount_Band,Units_Sold,Manufacturing_Price,Sale_Price,Gross_Sales,Discounts,Sales,COGS,Profit,Month_Number,Month_Name,Year
ORD-00001,2025-10-16,Canada,Government,Amarilla,Low,928,260,350.0,324800.0,6496.0,318304.0,241280,77024.0,10,October,2025
ORD-00002,2025-11-23,United States,Government,VTT,Low,1744,250,320.0,558080.0,11161.6,546918.4,436000,110918.4,11,November,2025
ORD-00003,2024-01-31,Canada,Midmarket,Montana,Low,724,5,22.5,16290.0,325.8,15964.2,3620,12344.2,1,January,2024
ORD-00004,2025-10-27,United States,Enterprise,Montana,Low,1081,5,30.0,32430.0,648.6,31781.4,5405,26376.4,10,October,2025
ORD-00005,2024-10-11,Canada,Midmarket,Amarilla,Low,788,260,315.0,248220.0,4964.4,243255.6,204880,38375.6,10,October,2024
ORD-00006,2024-12-10,Canada,Government,Velo,None,1075,120,180.0,193500.0,0.0,193500.0,129000,64500.0,12,December,2024
ORD-00007,2024-12-18,United States,Channel Partners,Carretera,Medium,20,3,16.0,320.0,16.0,304.0,60,244.0,12,December,2024
ORD-00008,2025-01-22,Canada,Small Business,Paseo,High,418,10,33.0,13794.0,1379.4,12414.6,4180,8234.6,1,January,2025
ORD-00009,2025-09-25,Germany,Small Business,Montana,Medium,979,5,27.5,26922.5,1346.12,25576.38,4895,20681.38,9,September,2025
ORD-00010,2024-10-23,Canada,Midmarket,Carretera,Low,904,3,18.0,16272.0,325.44,15946.56,2712,13234.56,10,October,2024
ORD-00011,2025-04-09,Germany,Midmarket,Paseo,Low,513,10,27.0,13851.0,277.02,13573.98,5130,8443.98,4,April,2025
ORD-00012,2025-11-30,Canada,Small Business,Amarilla,None,345,260,385.0,132825.0,0.0,132825.0,89700,43125.0,11,November,2025
ORD-00013,2024-09-07,France,Enterprise,Velo,Low,1108,120,216.0,239328.0,4786.56,234541.44,132960,101581.44,9,September,2024
ORD-00014,2024-08-12,Germany,Government,Montana,High,532,5,25.0,13300.0,1330.0,11970.0,2660,9310.0,8,August,2024
ORD-00015,2024-11-19,Mexico,Channel Partners,Carretera,None,1433,3,16.0,22928.0,0.0,22928.0,4299,18629.0,11,November,2024
ORD-00016,2024-11-18,France,Enterprise,Velo,High,605,120,216.0,130680.0,13068.0,117612.0,72600,45012.0,11,November,2024
ORD-00017,2025-10-20,Mexico,Midmarket,Paseo,None,774,10,27.0,20898.0,0.0,20898.0,7740,13158.0,10,October,2025
ORD-00018,2025-08-21,Mexico,Small Business,Velo,Low,294,120,198.0,58212.0,1164.24,57047.76,35280,21767.76,8,August,2025
ORD-00019,2024-05-21,United States,Enterprise,Carretera,Medium,957,3,24.0,22968.0,1148.4,21819.6,2871,18948.6,5,May,2024
ORD-00020,2024-06-12,Mexico,Small Business,Carretera,Low,510,3,22.0,11220.0,224.4,10995.6,1530,9465.6,6,June,2024
ORD-00021,2025-09-02,Mexico,Small Business,Paseo,High,656,10,33.0,21648.0,2164.8,19483.2,6560,12923.2,9,September,2025
ORD-00022,2024-04-27,United States,Channel Partners,Amarilla,Low,784,260,280.0,219520.0,4390.4,215129.6,203840,11289.6,4,April,2024
ORD-00023,2024-10-27,Mexico,Midmarket,Velo,None,693,120,162.0,112266.0,0.0,112266.0,83160,29106.0,10,October,2024
ORD-00024,2025-05-27,France,Small Business,Carretera,High,228,3,22.0,5016.0,501.6,4514.4,684,3830.4,5,May,2025
ORD-00025,2024-11-01,United States,Small Business,Montana,None,1075,5,27.5,29562.5,0.0,29562.5,5375,24187.5,11,November,2024
ORD-00026,2025-06-27,Canada,Small Business,Paseo,Low,311,10,33.0,10263.0,205.26,10057.74,3110,6947.74,6,June,2025
ORD-00027,2024-04-24,Germany,Channel Partners,Montana,None,1321,5,20.0,26420.0,0.0,26420.0,6605,19815.0,4,April,2024
ORD-00028,2024-03-28,Mexico,Government,VTT,Medium,176,250,320.0,56320.0,2816.0,53504.0,44000,9504.0,3,March,2024
ORD-00029,2024-05-11,Mexico,Small Business,Montana,Low,827,5,27.5,22742.5,454.85,22287.65,4135,18152.65,5,May,2024
ORD-00030,2024-08-04,United States,Midmarket,Amarilla,Low,559,260,315.0,176085.0,3521.7,172563.3,145340,27223.3,8,August,2024
ORD-00031,2025-11-18,Germany,Enterprise,VTT,Low,946,250,384.0,363264.0,7265.28,355998.72,236500,119498.72,11,November,2025
ORD-00032,2024-01-22,United States,Small Business,Montana,Medium,811,5,27.5,22302.5,1115.12,21187.38,4055,17132.38,1,January,2024
ORD-00033,2024-01-08,Canada,Government,Montana,None,778,5,25.0,19450.0,0.0,19450.0,3890,15560.0,1,January,2024
ORD-00034,2025-06-10,France,Channel Partners,Amarilla,Low,752,260,280.0,210560.0,4211.2,206348.8,195520,10828.8,6,June,2025
ORD-00035,2025-07-06,France,Small Business,VTT,Low,817,250,352.0,287584.0,5751.68,281832.32,204250,77582.32,7,July,2025
ORD-00036,2024-07-13,Canada,Government,Amarilla,Low,159,260,350.0,55650.0,1113.0,54537.0,41340,13197.0,7,July,2024
ORD-00037,2025-03-09,Mexico,Enterprise,Amarilla,None,408,260,420.0,171360.0,0.0,171360.0,106080,65280.0,3,March,2025
ORD-00038,2024-03-03,Mexico,Channel Partners,Carretera,Low,310,3,16.0,4960.0,99.2,4860.8,930,3930.8,3,March,2024
ORD-00039,2024-07-13,United States,Enterprise,Montana,Low,778,5,30.0,23340.0,466.8,22873.2,3890,18983.2,7,July,2024
ORD-00040,2024-03-18,Mexico,Small Business,Carretera,None,831,3,22.0,18282.0,0.0,18282.0,2493,15789.0,3,March,2024
ORD-00041,2025-07-07,Canada,Government,Montana,None,468,5,25.0,11700.0,0.0,11700.0,2340,9360.0,7,July,2025
ORD-00042,2025-02-14,Canada,Midmarket,Velo,None,580,120,162.0,93960.0,0.0,93960.0,69600,24360.0,2,February,2025
ORD-00043,2025-02-03,Germany,Enterprise,Paseo,Low,1514,10,36.0,54504.0,1090.08,53413.92,15140,38273.92,2,February,2025
ORD-00044,2025-07-23,Mexico,Midmarket,Montana,Low,395,5,22.5,8887.5,177.75,8709.75,1975,6734.75,7,July,2025
ORD-00045,2024-02-29,United States,Small Business,Carretera,Medium,1075,3,22.0,23650.0,1182.5,22467.5,3225,19242.5,2,February,2024
ORD-00046,2025-05-29,United States,Midmarket,Carretera,High,990,3,18.0,17820.0,1782.0,16038.0,2970,13068.0,5,May,2025
ORD-00047,2024-03-23,France,Government,VTT,None,897,250,320.0,287040.0,0.0,287040.0,224250,62790.0,3,March,2024
ORD-00048,2025-08-06,France,Small Business,VTT,None,467,250,352.0,164384.0,0.0,164384.0,116750,47634.0,8,August,2025
ORD-00049,2024-03-24,Mexico,Small Business,VTT,Medium,797,250,352.0,280544.0,14027.2,266516.8,199250,67266.8,3,March,2024
ORD-00050,2024-11-17,France,Channel Partners,Velo,None,773,120,144.0,111312.0,0.0,111312.0,92760,18552.0,11,November,2024
ORD-00051,2025-10-22,Germany,Enterprise,Paseo,High,995,10,36.0,35820.0,3582.0,32238.0,9950,22288.0,10,October,2025
ORD-00052,2025-09-28,United States,Government,Carretera,Medium,806,3,20.0,16120.0,806.0,15314.0,2418,12896.0,9,September,2025
ORD-00053,2025-06-02,Germany,Midmarket,Paseo,High,981,10,27.0,26487.0,2648.7,23838.3,9810,14028.3,6,June,2025
ORD-00054,2024-06-10,Mexico,Small Business,Amarilla,Low,451,260,385.0,173635.0,3472.7,170162.3,117260,52902.3,6,June,2024
ORD-00055,2025-10-31,United States,Government,Amarilla,Medium,833,260,350.0,291550.0,14577.5,276972.5,216580,60392.5,10,October,2025
ORD-00056,2024-05-17,Germany,Government,Carretera,Medium,1211,3,20.0,24220.0,1211.0,23009.0,3633,19376.0,5,May,2024
ORD-00057,2024-06-08,Germany,Channel Partners,VTT,None,483,250,256.0,123648.0,0.0,123648.0,120750,2898.0,6,June,2024
ORD-00058,2024-09-27,United States,Enterprise,Paseo,High,1276,10,36.0,45936.0,4593.6,41342.4,12760,28582.4,9,September,2024
ORD-00059,2024-02-22,Canada,Enterprise,Paseo,None,500,10,36.0,18000.0,0.0,18000.0,5000,13000.0,2,February,2024
ORD-00060,2024-09-25,France,Enterprise,VTT,Medium,837,250,384.0,321408.0,16070.4,305337.6,209250,96087.6,9,September,2024
ORD-00061,2025-07-28,Canada,Government,Carretera,High,606,3,20.0,12120.0,1212.0,10908.0,1818,9090.0,7,July,2025
ORD-00062,2024-02-06,Germany,Small Business,VTT,None,496,250,352.0,174592.0,0.0,174592.0,124000,50592.0,2,February,2024
ORD-00063,2024-05-10,Canada,Channel Partners,Paseo,High,826,10,24.0,19824.0,1982.4,17841.6,8260,9581.6,5,May,2024
ORD-00064,2025-01-01,France,Midmarket,Amarilla,None,109,260,315.0,34335.0,0.0,34335.0,28340,5995.0,1,January,2025
ORD-00065,2025-07-27,Mexico,Small Business,Amarilla,None,1118,260,385.0,430430.0,0.0,430430.0,290680,139750.0,7,July,2025
ORD-00066,2024-06-30,Mexico,Government,Montana,Medium,399,5,25.0,9975.0,498.75,9476.25,1995,7481.25,6,June,2024
ORD-00067,2024-12-06,Mexico,Midmarket,Paseo,None,687,10,27.0,18549.0,0.0,18549.0,6870,11679.0,12,December,2024
ORD-00068,2024-02-09,Mexico,Midmarket,Montana,Medium,320,5,22.5,7200.0,360.0,6840.0,1600,5240.0,2,February,2024
ORD-00069,2025-04-16,Germany,Channel Partners,Montana,Low,581,5,20.0,11620.0,232.4,11387.6,2905,8482.6,4,April,2025
ORD-00070,2024-10-12,Canada,Channel Partners,Paseo,Medium,527,10,24.0,12648.0,632.4,12015.6,5270,6745.6,10,October,2024
ORD-00071,2025-02-13,United States,Channel Partners,Carretera,None,887,3,16.0,14192.0,0.0,14192.0,2661,11531.0,2,February,2025
ORD-00072,2024-09-28,Canada,Government,VTT,Low,631,250,320.0,201920.0,4038.4,197881.6,157750,40131.6,9,September,2024
ORD-00073,2024-11-17,Mexico,Small Business,VTT,None,964,250,352.0,339328.0,0.0,339328.0,241000,98328.0,11,November,2024
ORD-00074,2024-02-15,Mexico,Government,VTT,High,447,250,320.0,143040.0,14304.0,128736.0,111750,16986.0,2,February,2024
ORD-00075,2025-07-05,France,Channel Partners,Velo,None,562,120,144.0,80928.0,0.0,80928.0,67440,13488.0,7,July,2025
ORD-00076,2024-11-17,Canada,Channel Partners,VTT,Low,557,250,256.0,142592.0,2851.84,139740.16,139250,490.16,11,November,2024
ORD-00077,2025-02-22,Germany,Enterprise,Amarilla,Low,843,260,420.0,354060.0,7081.2,346978.8,219180,127798.8,2,February,2025
ORD-00078,2025-01-23,France,Small Business,VTT,Low,786,250,352.0,276672.0,5533.44,271138.56,196500,74638.56,1,January,2025
ORD-00079,2025-07-15,Canada,Channel Partners,Paseo,None,751,10,24.0,18024.0,0.0,18024.0,7510,10514.0,7,July,2025
ORD-00080,2024-11-25,Mexico,Enterprise,Velo,Medium,338,120,216.0,73008.0,3650.4,69357.6,40560,28797.6,11,November,2024
ORD-00081,2025-06-07,Mexico,Midmarket,Amarilla,None,249,260,315.0,78435.0,0.0,78435.0,64740,13695.0,6,June,2025
ORD-00082,2024-12-09,Canada,Midmarket,Amarilla,Low,782,260,315.0,246330.0,4926.6,241403.4,203320,38083.4,12,December,2024
ORD-00083,2024-07-22,France,Government,Carretera,Low,123,3,20.0,2460.0,49.2,2410.8,369,2041.8,7,July,2024
ORD-00084,2024-03-15,Mexico,Enterprise,Amarilla,Medium,711,260,420.0,298620.0,14931.0,283689.0,184860,98829.0,3,March,2024
ORD-00085,2025-12-14,Mexico,Enterprise,Velo,Low,767,120,216.0,165672.0,3313.44,162358.56,92040,70318.56,12,December,2025
ORD-00086,2024-04-19,Mexico,Midmarket,Montana,Medium,606,5,22.5,13635.0,681.75,12953.25,3030,9923.25,4,April,2024
ORD-00087,2025-12-13,United States,Enterprise,Carretera,Medium,1228,3,24.0,29472.0,1473.6,27998.4,3684,24314.4,12,December,2025
ORD-00088,2024-05-16,Mexico,Small Business,VTT,Medium,561,250,352.0,197472.0,9873.6,187598.4,140250,47348.4,5,May,2024
ORD-00089,2025-03-29,United States,Small Business,Velo,High,104,120,198.0,20592.0,2059.2,18532.8,12480,6052.8,3,March,2025
ORD-00090,2025-05-01,Mexico,Channel Partners,Montana,High,459,5,20.0,9180.0,918.0,8262.0,2295,5967.0,5,May,2025
ORD-00091,2024-10-10,United States,Enterprise,Amarilla,Low,382,260,420.0,160440.0,3208.8,157231.2,99320,57911.2,10,October,2024
ORD-00092,2024-08-28,Germany,Channel Partners,Paseo,High,944,10,24.0,22656.0,2265.6,20390.4,9440,10950.4,8,August,2024
ORD-00093,2024-03-23,France,Midmarket,Montana,Low,819,5,22.5,18427.5,368.55,18058.95,4095,13963.95,3,March,2024
ORD-00094,2025-02-28,Mexico,Channel Partners,VTT,Low,665,250,256.0,170240.0,3404.8,166835.2,166250,585.2,2,February,2025
ORD-00095,2024-03-04,France,Enterprise,Velo,High,300,120,216.0,64800.0,6480.0,58320.0,36000,22320.0,3,March,2024
ORD-00096,2025-08-12,Mexico,Enterprise,Carretera,High,420,3,24.0,10080.0,1008.0,9072.0,1260,7812.0,8,August,2025
ORD-00097,2024-11-01,Mexico,Enterprise,VTT,Medium,347,250,384.0,133248.0,6662.4,126585.6,86750,39835.6,11,November,2024
ORD-00098,2024-08-13,Mexico,Midmarket,Paseo,Low,525,10,27.0,14175.0,283.5,13891.5,5250,8641.5,8,August,2024
ORD-00099,2024-01-30,Mexico,Channel Partners,Amarilla,Medium,421,260,280.0,117880.0,5894.0,111986.0,109460,2526.0,1,January,2024
ORD-00100,2025-04-23,France,Small Business,VTT,None,801,250,352.0,281952.0,0.0,281952.0,200250,81702.0,4,April,2025
ORD-00101,2025-02-07,United States,Small Business,Amarilla,None,600,260,385.0,231000.0,0.0,231000.0,156000,75000.0,2,February,2025
ORD-00102,2025-04-17,France,Government,Paseo,Low,573,10,30.0,17190.0,343.8,16846.2,5730,11116.2,4,April,2025
ORD-00103,2024-08-04,Mexico,Channel Partners,Paseo,Medium,303,10,24.0,7272.0,363.6,6908.4,3030,3878.4,8,August,2024
ORD-00104,2025-03-07,Germany,Government,Velo,None,1128,120,180.0,203040.0,0.0,203040.0,135360,67680.0,3,March,2025
ORD-00105,2025-07-06,Canada,Channel Partners,Montana,Medium,745,5,20.0,14900.0,745.0,14155.0,3725,10430.0,7,July,2025
ORD-00106,2024-02-01,France,Midmarket,Carretera,Medium,231,3,18.0,4158.0,207.9,3950.1,693,3257.1,2,February,2024
ORD-00107,2024-09-01,France,Enterprise,Amarilla,None,1017,260,420.0,427140.0,0.0,427140.0,264420,162720.0,9,September,2024
ORD-00108,2024-09-19,Germany,Midmarket,VTT,Medium,639,250,288.0,184032.0,9201.6,174830.4,159750,15080.4,9,September,2024
ORD-00109,2024-04-27,France,Channel Partners,Carretera,Medium,1054,3,16.0,16864.0,843.2,16020.8,3162,12858.8,4,April,2024
ORD-00110,2025-01-19,Mexico,Midmarket,Carretera,Medium,405,3,18.0,7290.0,364.5,6925.5,1215,5710.5,1,January,2025
ORD-00111,2025-10-04,France,Government,Amarilla,Medium,1174,260,350.0,410900.0,20545.0,390355.0,305240,85115.0,10,October,2025
ORD-00112,2024-05-03,United States,Government,Paseo,Medium,438,10,30.0,13140.0,657.0,12483.0,4380,8103.0,5,May,2024
ORD-00113,2025-11-08,Germany,Government,VTT,Medium,1366,250,320.0,437120.0,21856.0,415264.0,341500,73764.0,11,November,2025
ORD-00114,2025-05-16,Canada,Enterprise,Paseo,Medium,688,10,36.0,24768.0,1238.4,23529.6,6880,16649.6,5,May,2025
ORD-00115,2025-04-15,France,Enterprise,Montana,Medium,932,5,30.0,27960.0,1398.0,26562.0,4660,21902.0,4,April,2025
ORD-00116,2025-07-05,Mexico,Enterprise,Velo,High,583,120,216.0,125928.0,12592.8,113335.2,69960,43375.2,7,July,2025
ORD-00117,2025-08-29,Germany,Channel Partners,Montana,High,1328,5,20.0,26560.0,2656.0,23904.0,6640,17264.0,8,August,2025
ORD-00118,2024-09-06,Mexico,Small Business,VTT,Medium,918,250,352.0,323136.0,16156.8,306979.2,229500,77479.2,9,September,2024
ORD-00119,2024-12-10,Canada,Enterprise,Paseo,None,981,10,36.0,35316.0,0.0,35316.0,9810,25506.0,12,December,2024
ORD-00120,2024-12-14,Germany,Small Business,Amarilla,High,1648,260,385.0,634480.0,63448.0,571032.0,428480,142552.0,12,December,2024
ORD-00121,2025-07-23,Canada,Small Business,Montana,None,603,5,27.5,16582.5,0.0,16582.5,3015,13567.5,7,July,2025
ORD-00122,2024-09-03,Mexico,Enterprise,Velo,Medium,322,120,216.0,69552.0,3477.6,66074.4,38640,27434.4,9,September,2024
ORD-00123,2024-04-05,Germany,Midmarket,Velo,Medium,608,120,162.0,98496.0,4924.8,93571.2,72960,20611.2,4,April,2024
ORD-00124,2025-04-29,United States,Small Business,Paseo,Low,1264,10,33.0,41712.0,834.24,40877.76,12640,28237.76,4,April,2025
ORD-00125,2025-07-17,Germany,Channel Partners,Amarilla,Low,674,260,280.0,188720.0,3774.4,184945.6,175240,9705.6,7,July,2025
ORD-00126,2024-07-16,Germany,Government,Amarilla,Medium,975,260,350.0,341250.0,17062.5,324187.5,253500,70687.5,7,July,2024
ORD-00127,2025-12-07,France,Midmarket,Montana,Medium,792,5,22.5,17820.0,891.0,16929.0,3960,12969.0,12,December,2025
ORD-00128,2025-06-21,United States,Channel Partners,Carretera,High,1291,3,16.0,20656.0,2065.6,18590.4,3873,14717.4,6,June,2025
ORD-00129,2024-10-30,France,Channel Partners,Montana,Low,824,5,20.0,16480.0,329.6,16150.4,4120,12030.4,10,October,2024
ORD-00130,2024-02-16,Canada,Small Business,Paseo,Medium,443,10,33.0,14619.0,730.95,13888.05,4430,9458.05,2,February,2024
ORD-00131,2024-05-09,Mexico,Government,Carretera,Medium,344,3,20.0,6880.0,344.0,6536.0,1032,5504.0,5,May,2024
ORD-00132,2024-07-07,Canada,Channel Partners,Velo,None,723,120,144.0,104112.0,0.0,104112.0,86760,17352.0,7,July,2024
ORD-00133,2024-03-07,Mexico,Enterprise,Carretera,Medium,569,3,24.0,13656.0,682.8,12973.2,1707,11266.2,3,March,2024
ORD-00134,2025-07-30,Germany,Government,Montana,None,584,5,25.0,14600.0,0.0,14600.0,2920,11680.0,7,July,2025
ORD-00135,2025-03-02,United States,Small Business,VTT,Low,442,250,352.0,155584.0,3111.68,152472.32,110500,41972.32,3,March,2025
ORD-00136,2025-03-29,Germany,Small Business,Velo,Low,705,120,198.0,139590.0,2791.8,136798.2,84600,52198.2,3,March,2025
ORD-00137,2025-09-27,Canada,Small Business,Amarilla,None,696,260,385.0,267960.0,0.0,267960.0,180960,87000.0,9,September,2025
ORD-00138,2024-09-27,Canada,Midmarket,Montana,None,266,5,22.5,5985.0,0.0,5985.0,1330,4655.0,9,September,2024
ORD-00139,2024-03-17,France,Government,Velo,Low,493,120,180.0,88740.0,1774.8,86965.2,59160,27805.2,3,March,2024
ORD-00140,2024-08-25,Germany,Channel Partners,Amarilla,High,606,260,280.0,169680.0,16968.0,152712.0,157560,-4848.0,8,August,2024
ORD-00141,2024-03-13,France,Channel Partners,Amarilla,Medium,766,260,280.0,214480.0,10724.0,203756.0,199160,4596.0,3,March,2024
ORD-00142,2024-04-27,United States,Midmarket,Amarilla,None,604,260,315.0,190260.0,0.0,190260.0,157040,33220.0,4,April,2024
ORD-00143,2024-09-29,France,Government,Carretera,None,523,3,20.0,10460.0,0.0,10460.0,1569,8891.0,9,September,2024
ORD-00144,2025-08-05,Germany,Enterprise,Carretera,Low,1259,3,24.0,30216.0,604.32,29611.68,3777,25834.68,8,August,2025
ORD-00145,2024-11-07,Mexico,Channel Partners,VTT,Medium,366,250,256.0,93696.0,4684.8,89011.2,91500,-2488.8,11,November,2024
ORD-00146,2025-03-18,Germany,Small Business,Paseo,None,922,10,33.0,30426.0,0.0,30426.0,9220,21206.0,3,March,2025
ORD-00147,2024-08-22,United States,Small Business,Carretera,High,694,3,22.0,15268.0,1526.8,13741.2,2082,11659.2,8,August,2024
ORD-00148,2024-02-11,France,Enterprise,VTT,Medium,416,250,384.0,159744.0,7987.2,151756.8,104000,47756.8,2,February,2024
ORD-00149,2024-10-11,France,Small Business,Velo,Medium,711,120,198.0,140778.0,7038.9,133739.1,85320,48419.1,10,October,2024
ORD-00150,2024-12-22,Mexico,Channel Partners,Paseo,Medium,795,10,24.0,19080.0,954.0,18126.0,7950,10176.0,12,December,2024
ORD-00151,2024-06-13,Germany,Enterprise,Amarilla,Low,584,260,420.0,245280.0,4905.6,240374.4,151840,88534.4,6,June,2024
ORD-00152,2025-07-17,Canada,Enterprise,Carretera,Low,419,3,24.0,10056.0,201.12,9854.88,1257,8597.88,7,July,2025
ORD-00153,2024-11-27,Canada,Enterprise,VTT,High,1550,250,384.0,595200.0,59520.0,535680.0,387500,148180.0,11,November,2024
ORD-00154,2025-04-18,Mexico,Government,Montana,Low,633,5,25.0,15825.0,316.5,15508.5,3165,12343.5,4,April,2025
ORD-00155,2025-09-29,Mexico,Enterprise,Carretera,None,40,3,24.0,960.0,0.0,960.0,120,840.0,9,September,2025
ORD-00156,2025-03-24,Mexico,Government,Carretera,High,441,3,20.0,8820.0,882.0,7938.0,1323,6615.0,3,March,2025
ORD-00157,2025-09-15,France,Midmarket,Paseo,Medium,574,10,27.0,15498.0,774.9,14723.1,5740,8983.1,9,September,2025
ORD-00158,2024-04-26,Mexico,Government,Amarilla,High,591,260,350.0,206850.0,20685.0,186165.0,153660,32505.0,4,April,2024
ORD-00159,2025-05-25,Germany,Small Business,Amarilla,Low,1216,260,385.0,468160.0,9363.2,458796.8,316160,142636.8,5,May,2025
ORD-00160,2024-09-06,Mexico,Small Business,Montana,Low,20,5,27.5,550.0,11.0,539.0,100,439.0,9,September,2024
ORD-00161,2025-09-05,United States,Midmarket,Carretera,Low,917,3,18.0,16506.0,330.12,16175.88,2751,13424.88,9,September,2025
ORD-00162,2025-06-03,Germany,Government,Paseo,Medium,431,10,30.0,12930.0,646.5,12283.5,4310,7973.5,6,June,2025
ORD-00163,2025-08-24,United States,Enterprise,Montana,Low,509,5,30.0,15270.0,305.4,14964.6,2545,12419.6,8,August,2025
ORD-00164,2025-07-10,Mexico,Enterprise,Paseo,High,653,10,36.0,23508.0,2350.8,21157.2,6530,14627.2,7,July,2025
ORD-00165,2025-12-15,France,Small Business,Velo,Low,892,120,198.0,176616.0,3532.32,173083.68,107040,66043.68,12,December,2025
ORD-00166,2025-04-29,Mexico,Enterprise,Amarilla,Medium,550,260,420.0,231000.0,11550.0,219450.0,143000,76450.0,4,April,2025
ORD-00167,2025-10-29,France,Enterprise,Carretera,None,1203,3,24.0,28872.0,0.0,28872.0,3609,25263.0,10,October,2025
ORD-00168,2024-04-12,Mexico,Government,VTT,High,577,250,320.0,184640.0,18464.0,166176.0,144250,21926.0,4,April,2024
ORD-00169,2024-01-16,France,Enterprise,Amarilla,High,991,260,420.0,416220.0,41622.0,374598.0,257660,116938.0,1,January,2024
ORD-00170,2024-09-28,Germany,Small Business,Amarilla,Low,1012,260,385.0,389620.0,7792.4,381827.6,263120,118707.6,9,September,2024
ORD-00171,2024-03-23,Germany,Small Business,Velo,High,282,120,198.0,55836.0,5583.6,50252.4,33840,16412.4,3,March,2024
ORD-00172,2025-05-14,United States,Government,VTT,None,296,250,320.0,94720.0,0.0,94720.0,74000,20720.0,5,May,2025
ORD-00173,2025-10-08,Germany,Midmarket,Amarilla,None,1623,260,315.0,511245.0,0.0,511245.0,421980,89265.0,10,October,2025
ORD-00174,2025-12-21,Canada,Enterprise,Montana,Medium,749,5,30.0,22470.0,1123.5,21346.5,3745,17601.5,12,December,2025
ORD-00175,2024-01-30,Canada,Channel Partners,Carretera,Low,469,3,16.0,7504.0,150.08,7353.92,1407,5946.92,1,January,2024
ORD-00176,2025-06-27,Mexico,Small Business,Amarilla,Medium,737,260,385.0,283745.0,14187.25,269557.75,191620,77937.75,6,June,2025
ORD-00177,2024-06-23,France,Government,VTT,High,537,250,320.0,171840.0,17184.0,154656.0,134250,20406.0,6,June,2024
ORD-00178,2025-08-20,France,Midmarket,Velo,Medium,547,120,162.0,88614.0,4430.7,84183.3,65640,18543.3,8,August,2025
ORD-00179,2025-04-15,Germany,Government,Velo,High,672,120,180.0,120960.0,12096.0,108864.0,80640,28224.0,4,April,2025
ORD-00180,2025-03-28,Germany,Small Business,Paseo,Medium,585,10,33.0,19305.0,965.25,18339.75,5850,12489.75,3,March,2025
ORD-00181,2025-03-10,Germany,Enterprise,Paseo,None,477,10,36.0,17172.0,0.0,17172.0,4770,12402.0,3,March,2025
ORD-00182,2024-08-30,Mexico,Small Business,Paseo,Medium,835,10,33.0,27555.0,1377.75,26177.25,8350,17827.25,8,August,2024
ORD-00183,2025-12-17,Germany,Government,Amarilla,Low,1754,260,350.0,613900.0,12278.0,601622.0,456040,145582.0,12,December,2025
ORD-00184,2024-02-20,United States,Enterprise,Paseo,Medium,732,10,36.0,26352.0,1317.6,25034.4,7320,17714.4,2,February,2024
ORD-00185,2024-08-23,United States,Channel Partners,Montana,Medium,439,5,20.0,8780.0,439.0,8341.0,2195,6146.0,8,August,2024
ORD-00186,2025-11-06,France,Government,Amarilla,Medium,486,260,350.0,170100.0,8505.0,161595.0,126360,35235.0,11,November,2025
ORD-00187,2024-11-12,Mexico,Government,VTT,Low,1289,250,320.0,412480.0,8249.6,404230.4,322250,81980.4,11,November,2024
ORD-00188,2024-11-30,Mexico,Midmarket,Montana,None,1331,5,22.5,29947.5,0.0,29947.5,6655,23292.5,11,November,2024
ORD-00189,2025-07-06,Germany,Small Business,VTT,High,876,250,352.0,308352.0,30835.2,277516.8,219000,58516.8,7,July,2025
ORD-00190,2025-05-08,Germany,Channel Partners,Carretera,Low,537,3,16.0,8592.0,171.84,8420.16,1611,6809.16,5,May,2025
ORD-00191,2024-03-18,France,Midmarket,Amarilla,Medium,1478,260,315.0,465570.0,23278.5,442291.5,384280,58011.5,3,March,2024
ORD-00192,2025-07-24,Germany,Government,Velo,None,649,120,180.0,116820.0,0.0,116820.0,77880,38940.0,7,July,2025
ORD-00193,2025-07-03,Canada,Enterprise,Paseo,Medium,487,10,36.0,17532.0,876.6,16655.4,4870,11785.4,7,July,2025
ORD-00194,2025-10-15,Germany,Government,Amarilla,Low,470,260,350.0,164500.0,3290.0,161210.0,122200,39010.0,10,October,2025
ORD-00195,2024-01-26,United States,Small Business,Paseo,High,721,10,33.0,23793.0,2379.3,21413.7,7210,14203.7,1,January,2024
ORD-00196,2025-04-20,Germany,Enterprise,Carretera,None,871,3,24.0,20904.0,0.0,20904.0,2613,18291.0,4,April,2025
ORD-00197,2024-02-08,Germany,Enterprise,Carretera,None,755,3,24.0,18120.0,0.0,18120.0,2265,15855.0,2,February,2024
ORD-00198,2025-04-09,Germany,Small Business,Velo,Medium,642,120,198.0,127116.0,6355.8,120760.2,77040,43720.2,4,April,2025
ORD-00199,2024-06-07,Mexico,Government,Velo,Medium,832,120,180.0,149760.0,7488.0,142272.0,99840,42432.0,6,June,2024
ORD-00200,2025-12-07,Germany,Midmarket,Velo,Low,822,120,162.0,133164.0,2663.28,130500.72,98640,31860.72,12,December,2025
ORD-00201,2024-08-29,Germany,Government,Amarilla,Low,1136,260,350.0,397600.0,7952.0,389648.0,295360,94288.0,8,August,2024
ORD-00202,2024-03-03,Mexico,Channel Partners,Montana,High,405,5,20.0,8100.0,810.0,7290.0,2025,5265.0,3,March,2024
ORD-00203,2025-04-10,Canada,Midmarket,Amarilla,Medium,755,260,315.0,237825.0,11891.25,225933.75,196300,29633.75,4,April,2025
ORD-00204,2024-12-07,France,Midmarket,VTT,None,853,250,288.0,245664.0,0.0,245664.0,213250,32414.0,12,December,2024
ORD-00205,2025-07-21,France,Small Business,Montana,Medium,755,5,27.5,20762.5,1038.12,19724.38,3775,15949.38,7,July,2025
ORD-00206,2025-09-02,Canada,Channel Partners,Montana,High,1153,5,20.0,23060.0,2306.0,20754.0,5765,14989.0,9,September,2025
ORD-00207,2025-07-07,Germany,Midmarket,Carretera,Medium,811,3,18.0,14598.0,729.9,13868.1,2433,11435.1,7,July,2025
ORD-00208,2024-08-31,United States,Channel Partners,Carretera,None,835,3,16.0,13360.0,0.0,13360.0,2505,10855.0,8,August,2024
ORD-00209,2024-02-23,France,Enterprise,VTT,None,851,250,384.0,326784.0,0.0,326784.0,212750,114034.0,2,February,2024
ORD-00210,2025-01-05,United States,Small Business,Carretera,Low,829,3,22.0,18238.0,364.76,17873.24,2487,15386.24,1,January,2025
ORD-00211,2024-08-14,United States,Government,Amarilla,Medium,1114,260,350.0,389900.0,19495.0,370405.0,289640,80765.0,8,August,2024
ORD-00212,2025-04-14,Canada,Government,Velo,High,408,120,180.0,73440.0,7344.0,66096.0,48960,17136.0,4,April,2025
ORD-00213,2025-03-12,Canada,Enterprise,Amarilla,High,769,260,420.0,322980.0,32298.0,290682.0,199940,90742.0,3,March,2025
ORD-00214,2025-09-14,France,Government,Montana,Low,754,5,25.0,18850.0,377.0,18473.0,3770,14703.0,9,September,2025
ORD-00215,2025-10-10,United States,Small Business,Amarilla,Low,1576,260,385.0,606760.0,12135.2,594624.8,409760,184864.8,10,October,2025
ORD-00216,2025-04-09,United States,Small Business,Velo,None,811,120,198.0,160578.0,0.0,160578.0,97320,63258.0,4,April,2025
ORD-00217,2025-12-19,Canada,Small Business,Amarilla,High,156,260,385.0,60060.0,6006.0,54054.0,40560,13494.0,12,December,2025
ORD-00218,2025-02-27,Germany,Enterprise,Velo,Low,887,120,216.0,191592.0,3831.84,187760.16,106440,81320.16,2,February,2025
ORD-00219,2024-04-07,Germany,Enterprise,Paseo,Medium,624,10,36.0,22464.0,1123.2,21340.8,6240,15100.8,4,April,2024
ORD-00220,2025-04-30,Canada,Government,Carretera,None,781,3,20.0,15620.0,0.0,15620.0,2343,13277.0,4,April,2025
ORD-00221,2024-04-08,Germany,Midmarket,VTT,None,1156,250,288.0,332928.0,0.0,332928.0,289000,43928.0,4,April,2024
ORD-00222,2025-11-17,Canada,Enterprise,Paseo,High,708,10,36.0,25488.0,2548.8,22939.2,7080,15859.2,11,November,2025
ORD-00223,2025-03-09,Canada,Channel Partners,VTT,Low,934,250,256.0,239104.0,4782.08,234321.92,233500,821.92,3,March,2025
ORD-00224,2024-06-07,Mexico,Midmarket,Carretera,Low,824,3,18.0,14832.0,296.64,14535.36,2472,12063.36,6,June,2024
ORD-00225,2025-07-23,Germany,Government,Paseo,Medium,976,10,30.0,29280.0,1464.0,27816.0,9760,18056.0,7,July,2025
ORD-00226,2025-09-28,United States,Small Business,Carretera,Medium,185,3,22.0,4070.0,203.5,3866.5,555,3311.5,9,September,2025
ORD-00227,2025-11-04,Germany,Government,Montana,Low,1016,5,25.0,25400.0,508.0,24892.0,5080,19812.0,11,November,2025
ORD-00228,2024-12-25,Canada,Midmarket,Montana,Medium,29,5,22.5,652.5,32.62,619.88,145,474.88,12,December,2024
ORD-00229,2025-02-14,Canada,Midmarket,Amarilla,Medium,958,260,315.0,301770.0,15088.5,286681.5,249080,37601.5,2,February,2025
ORD-00230,2024-08-08,Mexico,Enterprise,Velo,Low,715,120,216.0,154440.0,3088.8,151351.2,85800,65551.2,8,August,2024
ORD-00231,2025-01-13,Germany,Channel Partners,VTT,Medium,761,250,256.0,194816.0,9740.8,185075.2,190250,-5174.8,1,January,2025
ORD-00232,2025-09-24,Canada,Government,Paseo,Low,554,10,30.0,16620.0,332.4,16287.6,5540,10747.6,9,September,2025
ORD-00233,2025-03-10,Mexico,Small Business,Velo,Low,699,120,198.0,138402.0,2768.04,135633.96,83880,51753.96,3,March,2025
ORD-00234,2024-12-19,Mexico,Government,Paseo,Medium,1182,10,30.0,35460.0,1773.0,33687.0,11820,21867.0,12,December,2024
ORD-00235,2025-08-30,Mexico,Small Business,Amarilla,Low,773,260,385.0,297605.0,5952.1,291652.9,200980,90672.9,8,August,2025
ORD-00236,2024-02-26,Canada,Midmarket,Paseo,High,1252,10,27.0,33804.0,3380.4,30423.6,12520,17903.6,2,February,2024
ORD-00237,2024-05-20,Germany,Channel Partners,Paseo,None,412,10,24.0,9888.0,0.0,9888.0,4120,5768.0,5,May,2024
ORD-00238,2024-05-12,Mexico,Small Business,Amarilla,Low,634,260,385.0,244090.0,4881.8,239208.2,164840,74368.2,5,May,2024
ORD-00239,2025-07-26,Germany,Government,Velo,High,816,120,180.0,146880.0,14688.0,132192.0,97920,34272.0,7,July,2025
ORD-00240,2024-03-20,Germany,Small Business,Velo,Medium,772,120,198.0,152856.0,7642.8,145213.2,92640,52573.2,3,March,2024
ORD-00241,2025-12-27,Mexico,Channel Partners,Carretera,Low,990,3,16.0,15840.0,316.8,15523.2,2970,12553.2,12,December,2025
ORD-00242,2025-09-24,Mexico,Channel Partners,Carretera,Low,595,3,16.0,9520.0,190.4,9329.6,1785,7544.6,9,September,2025
ORD-00243,2024-04-18,France,Enterprise,VTT,Low,1234,250,384.0,473856.0,9477.12,464378.88,308500,155878.88,4,April,2024
ORD-00244,2024-12-13,France,Channel Partners,Montana,None,1234,5,20.0,24680.0,0.0,24680.0,6170,18510.0,12,December,2024
ORD-00245,2025-10-10,Canada,Small Business,VTT,None,885,250,352.0,311520.0,0.0,311520.0,221250,90270.0,10,October,2025
ORD-00246,2025-10-22,France,Midmarket,Carretera,None,530,3,18.0,9540.0,0.0,9540.0,1590,7950.0,10,October,2025
ORD-00247,2024-07-21,France,Small Business,Montana,Medium,595,5,27.5,16362.5,818.12,15544.38,2975,12569.38,7,July,2024
ORD-00248,2025-10-05,Mexico,Enterprise,VTT,Medium,612,250,384.0,235008.0,11750.4,223257.6,153000,70257.6,10,October,2025
ORD-00249,2025-04-04,United States,Small Business,Paseo,High,684,10,33.0,22572.0,2257.2,20314.8,6840,13474.8,4,April,2025
ORD-00250,2024-03-10,Mexico,Enterprise,Amarilla,Low,519,260,420.0,217980.0,4359.6,213620.4,134940,78680.4,3,March,2024
ORD-00251,2024-10-08,United States,Government,Paseo,Low,852,10,30.0,25560.0,511.2,25048.8,8520,16528.8,10,October,2024
ORD-00252,2024-02-28,Germany,Channel Partners,Carretera,Medium,923,3,16.0,14768.0,738.4,14029.6,2769,11260.6,2,February,2024
ORD-00253,2024-04-02,United States,Small Business,VTT,Low,56,250,352.0,19712.0,394.24,19317.76,14000,5317.76,4,April,2024
ORD-00254,2024-02-12,Mexico,Small Business,Amarilla,None,259,260,385.0,99715.0,0.0,99715.0,67340,32375.0,2,February,2024
ORD-00255,2025-09-11,Mexico,Small Business,Montana,High,160,5,27.5,4400.0,440.0,3960.0,800,3160.0,9,September,2025
ORD-00256,2024-12-17,Canada,Small Business,Amarilla,None,1030,260,385.0,396550.0,0.0,396550.0,267800,128750.0,12,December,2024
ORD-00257,2024-09-10,Mexico,Enterprise,VTT,Medium,771,250,384.0,296064.0,14803.2,281260.8,192750,88510.8,9,September,2024
ORD-00258,2024-10-16,Mexico,Enterprise,Paseo,Medium,1061,10,36.0,38196.0,1909.8,36286.2,10610,25676.2,10,October,2024
ORD-00259,2024-02-23,Germany,Government,Paseo,None,544,10,30.0,16320.0,0.0,16320.0,5440,10880.0,2,February,2024
ORD-00260,2025-11-03,United States,Midmarket,Paseo,None,706,10,27.0,19062.0,0.0,19062.0,7060,12002.0,11,November,2025
ORD-00261,2025-11-10,France,Channel Partners,Paseo,High,756,10,24.0,18144.0,1814.4,16329.6,7560,8769.6,11,November,2025
ORD-00262,2025-09-01,Canada,Channel Partners,VTT,Low,395,250,256.0,101120.0,2022.4,99097.6,98750,347.6,9,September,2025
ORD-00263,2024-12-02,France,Small Business,Carretera,Medium,559,3,22.0,12298.0,614.9,11683.1,1677,10006.1,12,December,2024
ORD-00264,2025-01-06,Germany,Midmarket,Montana,Low,763,5,22.5,17167.5,343.35,16824.15,3815,13009.15,1,January,2025
ORD-00265,2025-05-12,France,Midmarket,Montana,None,550,5,22.5,12375.0,0.0,12375.0,2750,9625.0,5,May,2025
ORD-00266,2025-06-03,United States,Small Business,Carretera,Medium,1423,3,22.0,31306.0,1565.3,29740.7,4269,25471.7,6,June,2025
ORD-00267,2025-09-24,France,Small Business,Velo,None,894,120,198.0,177012.0,0.0,177012.0,107280,69732.0,9,September,2025
ORD-00268,2025-10-01,France,Enterprise,Carretera,Low,1397,3,24.0,33528.0,670.56,32857.44,4191,28666.44,10,October,2025
ORD-00269,2025-11-23,France,Enterprise,VTT,Low,871,250,384.0,334464.0,6689.28,327774.72,217750,110024.72,11,November,2025
ORD-00270,2025-06-30,France,Channel Partners,Velo,High,372,120,144.0,53568.0,5356.8,48211.2,44640,3571.2,6,June,2025
ORD-00271,2024-07-17,Germany,Small Business,Velo,Low,692,120,198.0,137016.0,2740.32,134275.68,83040,51235.68,7,July,2024
ORD-00272,2025-06-24,Mexico,Midmarket,Montana,Medium,889,5,22.5,20002.5,1000.12,19002.38,4445,14557.38,6,June,2025
ORD-00273,2024-05-21,Germany,Government,Amarilla,Low,234,260,350.0,81900.0,1638.0,80262.0,60840,19422.0,5,May,2024
ORD-00274,2025-12-29,United States,Government,Paseo,None,1779,10,30.0,53370.0,0.0,53370.0,17790,35580.0,12,December,2025
ORD-00275,2024-06-13,Germany,Enterprise,VTT,None,31,250,384.0,11904.0,0.0,11904.0,7750,4154.0,6,June,2024
ORD-00276,2024-08-15,Mexico,Channel Partners,Carretera,Low,880,3,16.0,14080.0,281.6,13798.4,2640,11158.4,8,August,2024
ORD-00277,2025-02-09,United States,Channel Partners,Montana,Low,889,5,20.0,17780.0,355.6,17424.4,4445,12979.4,2,February,2025
ORD-00278,2024-11-22,Canada,Channel Partners,Montana,None,955,5,20.0,19100.0,0.0,19100.0,4775,14325.0,11,November,2024
ORD-00279,2024-10-20,Mexico,Midmarket,Amarilla,Low,238,260,315.0,74970.0,1499.4,73470.6,61880,11590.6,10,October,2024
ORD-00280,2024-01-20,Germany,Midmarket,Montana,Medium,245,5,22.5,5512.5,275.62,5236.88,1225,4011.88,1,January,2024
ORD-00281,2025-09-15,United States,Enterprise,Carretera,Medium,840,3,24.0,20160.0,1008.0,19152.0,2520,16632.0,9,September,2025
ORD-00282,2024-09-01,Mexico,Small Business,Velo,None,767,120,198.0,151866.0,0.0,151866.0,92040,59826.0,9,September,2024
ORD-00283,2025-05-26,United States,Small Business,Carretera,Medium,323,3,22.0,7106.0,355.3,6750.7,969,5781.7,5,May,2025
ORD-00284,2024-10-25,Mexico,Government,VTT,Low,543,250,320.0,173760.0,3475.2,170284.8,135750,34534.8,10,October,2024
ORD-00285,2025-08-07,Mexico,Midmarket,Amarilla,Medium,377,260,315.0,118755.0,5937.75,112817.25,98020,14797.25,8,August,2025
ORD-00286,2025-06-22,United States,Small Business,VTT,Medium,776,250,352.0,273152.0,13657.6,259494.4,194000,65494.4,6,June,2025
ORD-00287,2025-02-03,Mexico,Government,Amarilla,Low,269,260,350.0,94150.0,1883.0,92267.0,69940,22327.0,2,February,2025
ORD-00288,2024-12-31,Canada,Channel Partners,Montana,Medium,1253,5,20.0,25060.0,1253.0,23807.0,6265,17542.0,12,December,2024
ORD-00289,2025-10-05,Canada,Small Business,Amarilla,Medium,1053,260,385.0,405405.0,20270.25,385134.75,273780,111354.75,10,October,2025
ORD-00290,2024-12-12,France,Enterprise,Amarilla,Low,1134,260,420.0,476280.0,9525.6,466754.4,294840,171914.4,12,December,2024
ORD-00291,2024-07-05,France,Government,Amarilla,Medium,458,260,350.0,160300.0,8015.0,152285.0,119080,33205.0,7,July,2024
ORD-00292,2024-02-14,France,Government,Paseo,High,650,10,30.0,19500.0,1950.0,17550.0,6500,11050.0,2,February,2024
ORD-00293,2025-06-11,Mexico,Small Business,Velo,Low,633,120,198.0,125334.0,2506.68,122827.32,75960,46867.32,6,June,2025
ORD-00294,2024-12-31,Canada,Channel Partners,Paseo,None,599,10,24.0,14376.0,0.0,14376.0,5990,8386.0,12,December,2024
ORD-00295,2025-01-11,Mexico,Enterprise,Amarilla,Low,736,260,420.0,309120.0,6182.4,302937.6,191360,111577.6,1,January,2025
ORD-00296,2024-07-10,Mexico,Enterprise,Paseo,High,563,10,36.0,20268.0,2026.8,18241.2,5630,12611.2,7,July,2024
ORD-00297,2025-06-15,Germany,Government,Amarilla,Low,20,260,350.0,7000.0,140.0,6860.0,5200,1660.0,6,June,2025
ORD-00298,2024-07-03,United States,Channel Partners,Paseo,None,1313,10,24.0,31512.0,0.0,31512.0,13130,18382.0,7,July,2024
ORD-00299,2024-12-01,Germany,Channel Partners,Velo,Medium,390,120,144.0,56160.0,2808.0,53352.0,46800,6552.0,12,December,2024
ORD-00300,2024-12-25,Mexico,Government,Amarilla,High,1018,260,350.0,356300.0,35630.0,320670.0,264680,55990.0,12,December,2024
ORD-00301,2024-12-27,United States,Enterprise,Paseo,Medium,1071,10,36.0,38556.0,1927.8,36628.2,10710,25918.2,12,December,2024
ORD-00302,2025-11-18,Mexico,Channel Partners,VTT,Medium,675,250,256.0,172800.0,8640.0,164160.0,168750,-4590.0,11,November,2025
ORD-00303,2025-11-26,France,Government,Montana,High,699,5,25.0,17475.0,1747.5,15727.5,3495,12232.5,11,November,2025
ORD-00304,2024-05-09,Canada,Midmarket,Amarilla,Low,389,260,315.0,122535.0,2450.7,120084.3,101140,18944.3,5,May,2024
ORD-00305,2025-01-27,United States,Government,VTT,None,426,250,320.0,136320.0,0.0,136320.0,106500,29820.0,1,January,2025
ORD-00306,2025-03-30,Canada,Small Business,Montana,Medium,749,5,27.5,20597.5,1029.88,19567.62,3745,15822.62,3,March,2025
ORD-00307,2025-02-11,Germany,Channel Partners,Montana,High,816,5,20.0,16320.0,1632.0,14688.0,4080,10608.0,2,February,2025
ORD-00308,2025-06-14,Mexico,Small Business,Carretera,Low,658,3,22.0,14476.0,289.52,14186.48,1974,12212.48,6,June,2025
ORD-00309,2024-09-23,Mexico,Midmarket,VTT,Low,901,250,288.0,259488.0,5189.76,254298.24,225250,29048.24,9,September,2024
ORD-00310,2024-05-05,France,Government,Velo,None,525,120,180.0,94500.0,0.0,94500.0,63000,31500.0,5,May,2024
ORD-00311,2025-12-31,Mexico,Government,Amarilla,High,1286,260,350.0,450100.0,45010.0,405090.0,334360,70730.0,12,December,2025
ORD-00312,2025-12-27,Canada,Small Business,VTT,Low,786,250,352.0,276672.0,5533.44,271138.56,196500,74638.56,12,December,2025
ORD-00313,2024-11-03,France,Midmarket,Paseo,Low,1056,10,27.0,28512.0,570.24,27941.76,10560,17381.76,11,November,2024
ORD-00314,2024-05-22,France,Enterprise,Carretera,Low,838,3,24.0,20112.0,402.24,19709.76,2514,17195.76,5,May,2024
ORD-00315,2025-08-09,Germany,Enterprise,VTT,None,845,250,384.0,324480.0,0.0,324480.0,211250,113230.0,8,August,2025
ORD-00316,2025-02-11,Mexico,Small Business,Velo,Medium,479,120,198.0,94842.0,4742.1,90099.9,57480,32619.9,2,February,2025
ORD-00317,2025-08-11,Canada,Midmarket,Paseo,Medium,255,10,27.0,6885.0,344.25,6540.75,2550,3990.75,8,August,2025
ORD-00318,2024-12-18,France,Small Business,Amarilla,Medium,1050,260,385.0,404250.0,20212.5,384037.5,273000,111037.5,12,December,2024
ORD-00319,2024-05-12,Mexico,Small Business,Carretera,High,401,3,22.0,8822.0,882.2,7939.8,1203,6736.8,5,May,2024
ORD-00320,2024-06-14,Germany,Midmarket,Paseo,High,724,10,27.0,19548.0,1954.8,17593.2,7240,10353.2,6,June,2024
ORD-00321,2025-06-15,Germany,Government,Paseo,None,1005,10,30.0,30150.0,0.0,30150.0,10050,20100.0,6,June,2025
ORD-00322,2025-10-02,Germany,Small Business,VTT,None,857,250,352.0,301664.0,0.0,301664.0,214250,87414.0,10,October,2025
ORD-00323,2025-10-18,France,Small Business,VTT,None,550,250,352.0,193600.0,0.0,193600.0,137500,56100.0,10,October,2025
ORD-00324,2025-09-11,Germany,Small Business,Carretera,High,321,3,22.0,7062.0,706.2,6355.8,963,5392.8,9,September,2025
ORD-00325,2024-01-30,Canada,Government,Amarilla,Medium,549,260,350.0,192150.0,9607.5,182542.5,142740,39802.5,1,January,2024
ORD-00326,2025-08-08,Mexico,Small Business,Amarilla,None,815,260,385.0,313775.0,0.0,313775.0,211900,101875.0,8,August,2025
ORD-00327,2025-10-04,United States,Channel Partners,Amarilla,High,237,260,280.0,66360.0,6636.0,59724.0,61620,-1896.0,10,October,2025
ORD-00328,2025-12-02,Mexico,Channel Partners,Velo,None,852,120,144.0,122688.0,0.0,122688.0,102240,20448.0,12,December,2025
ORD-00329,2024-03-02,France,Enterprise,Velo,Low,816,120,216.0,176256.0,3525.12,172730.88,97920,74810.88,3,March,2024
ORD-00330,2024-11-16,Germany,Channel Partners,Velo,None,1475,120,144.0,212400.0,0.0,212400.0,177000,35400.0,11,November,2024
ORD-00331,2025-01-14,United States,Small Business,Carretera,Low,469,3,22.0,10318.0,206.36,10111.64,1407,8704.64,1,January,2025
ORD-00332,2024-09-10,France,Government,Carretera,Low,749,3,20.0,14980.0,299.6,14680.4,2247,12433.4,9,September,2024
ORD-00333,2025-01-28,United States,Enterprise,Montana,High,1152,5,30.0,34560.0,3456.0,31104.0,5760,25344.0,1,January,2025
ORD-00334,2025-08-14,Germany,Midmarket,Montana,Low,414,5,22.5,9315.0,186.3,9128.7,2070,7058.7,8,August,2025
ORD-00335,2025-06-11,Mexico,Enterprise,Paseo,Low,857,10,36.0,30852.0,617.04,30234.96,8570,21664.96,6,June,2025
ORD-00336,2025-04-13,France,Midmarket,VTT,Low,860,250,288.0,247680.0,4953.6,242726.4,215000,27726.4,4,April,2025
ORD-00337,2024-02-21,Germany,Enterprise,VTT,High,466,250,384.0,178944.0,17894.4,161049.6,116500,44549.6,2,February,2024
ORD-00338,2025-07-03,Canada,Government,Velo,None,399,120,180.0,71820.0,0.0,71820.0,47880,23940.0,7,July,2025
ORD-00339,2024-09-27,Germany,Enterprise,Paseo,None,1150,10,36.0,41400.0,0.0,41400.0,11500,29900.0,9,September,2024
ORD-00340,2025-01-06,United States,Channel Partners,Carretera,Low,824,3,16.0,13184.0,263.68,12920.32,2472,10448.32,1,January,2025
ORD-00341,2025-04-06,United States,Channel Partners,VTT,Medium,1532,250,256.0,392192.0,19609.6,372582.4,383000,-10417.6,4,April,2025
ORD-00342,2025-02-07,Germany,Channel Partners,VTT,High,1150,250,256.0,294400.0,29440.0,264960.0,287500,-22540.0,2,February,2025
ORD-00343,2024-05-27,France,Small Business,VTT,Low,781,250,352.0,274912.0,5498.24,269413.76,195250,74163.76,5,May,2024
ORD-00344,2025-12-31,Germany,Enterprise,VTT,Low,973,250,384.0,373632.0,7472.64,366159.36,243250,122909.36,12,December,2025
ORD-00345,2025-09-12,United States,Midmarket,Paseo,High,678,10,27.0,18306.0,1830.6,16475.4,6780,9695.4,9,September,2025
ORD-00346,2025-09-23,Germany,Small Business,Paseo,Low,1050,10,33.0,34650.0,693.0,33957.0,10500,23457.0,9,September,2025
ORD-00347,2025-06-05,United States,Enterprise,Amarilla,Medium,761,260,420.0,319620.0,15981.0,303639.0,197860,105779.0,6,June,2025
ORD-00348,2024-12-05,Canada,Enterprise,VTT,Low,841,250,384.0,322944.0,6458.88,316485.12,210250,106235.12,12,December,2024
ORD-00349,2025-12-05,Canada,Small Business,Velo,Low,298,120,198.0,59004.0,1180.08,57823.92,35760,22063.92,12,December,2025
ORD-00350,2025-08-15,United States,Midmarket,Amarilla,None,40,260,315.0,12600.0,0.0,12600.0,10400,2200.0,8,August,2025
ORD-00351,2025-05-06,France,Small Business,Amarilla,Medium,745,260,385.0,286825.0,14341.25,272483.75,193700,78783.75,5,May,2025
ORD-00352,2025-11-28,France,Government,VTT,High,512,250,320.0,163840.0,16384.0,147456.0,128000,19456.0,11,November,2025
ORD-00353,2024-04-22,France,Government,Velo,Low,966,120,180.0,173880.0,3477.6,170402.4,115920,54482.4,4,April,2024
ORD-00354,2025-02-24,United States,Small Business,Velo,High,1077,120,198.0,213246.0,21324.6,191921.4,129240,62681.4,2,February,2025
ORD-00355,2024-03-04,France,Small Business,Montana,Medium,1042,5,27.5,28655.0,1432.75,27222.25,5210,22012.25,3,March,2024
ORD-00356,2025-01-20,Germany,Midmarket,Velo,High,638,120,162.0,103356.0,10335.6,93020.4,76560,16460.4,1,January,2025
ORD-00357,2024-12-16,United States,Channel Partners,Amarilla,Medium,917,260,280.0,256760.0,12838.0,243922.0,238420,5502.0,12,December,2024
ORD-00358,2025-12-10,Germany,Small Business,Velo,None,373,120,198.0,73854.0,0.0,73854.0,44760,29094.0,12,December,2025
ORD-00359,2024-09-09,Germany,Small Business,Paseo,Low,1024,10,33.0,33792.0,675.84,33116.16,10240,22876.16,9,September,2024
ORD-00360,2024-10-22,France,Enterprise,Paseo,Low,821,10,36.0,29556.0,591.12,28964.88,8210,20754.88,10,October,2024
ORD-00361,2025-07-27,Germany,Channel Partners,Carretera,Medium,92,3,16.0,1472.0,73.6,1398.4,276,1122.4,7,July,2025
ORD-00362,2025-02-08,Germany,Midmarket,Paseo,None,485,10,27.0,13095.0,0.0,13095.0,4850,8245.0,2,February,2025
ORD-00363,2024-03-21,Germany,Enterprise,Amarilla,Low,540,260,420.0,226800.0,4536.0,222264.0,140400,81864.0,3,March,2024
ORD-00364,2025-07-05,Germany,Small Business,Amarilla,Low,784,260,385.0,301840.0,6036.8,295803.2,203840,91963.2,7,July,2025
ORD-00365,2024-04-21,United States,Small Business,Montana,Low,615,5,27.5,16912.5,338.25,16574.25,3075,13499.25,4,April,2024
ORD-00366,2025-10-15,France,Government,Carretera,Low,470,3,20.0,9400.0,188.0,9212.0,1410,7802.0,10,October,2025
ORD-00367,2025-04-28,Canada,Midmarket,Carretera,High,830,3,18.0,14940.0,1494.0,13446.0,2490,10956.0,4,April,2025
ORD-00368,2025-10-30,Mexico,Enterprise,Amarilla,None,760,260,420.0,319200.0,0.0,319200.0,197600,121600.0,10,October,2025
ORD-00369,2024-10-21,Germany,Channel Partners,Amarilla,None,1014,260,280.0,283920.0,0.0,283920.0,263640,20280.0,10,October,2024
ORD-00370,2024-08-25,United States,Government,Montana,Low,314,5,25.0,7850.0,157.0,7693.0,1570,6123.0,8,August,2024
ORD-00371,2024-06-29,Canada,Enterprise,Velo,None,661,120,216.0,142776.0,0.0,142776.0,79320,63456.0,6,June,2024
ORD-00372,2024-10-23,Canada,Government,Paseo,Medium,108,10,30.0,3240.0,162.0,3078.0,1080,1998.0,10,October,2024
ORD-00373,2024-04-19,Germany,Channel Partners,Velo,High,391,120,144.0,56304.0,5630.4,50673.6,46920,3753.6,4,April,2024
ORD-00374,2024-05-17,United States,Enterprise,Paseo,None,714,10,36.0,25704.0,0.0,25704.0,7140,18564.0,5,May,2024
ORD-00375,2024-04-25,Germany,Midmarket,Amarilla,Low,746,260,315.0,234990.0,4699.8,230290.2,193960,36330.2,4,April,2024
ORD-00376,2024-12-11,Germany,Small Business,Amarilla,Medium,1204,260,385.0,463540.0,23177.0,440363.0,313040,127323.0,12,December,2024
ORD-00377,2024-06-28,United States,Enterprise,Velo,Low,1276,120,216.0,275616.0,5512.32,270103.68,153120,116983.68,6,June,2024
ORD-00378,2024-07-08,France,Enterprise,Paseo,High,931,10,36.0,33516.0,3351.6,30164.4,9310,20854.4,7,July,2024
ORD-00379,2024-01-07,Germany,Enterprise,Montana,Low,616,5,30.0,18480.0,369.6,18110.4,3080,15030.4,1,January,2024
ORD-00380,2025-08-19,United States,Government,Paseo,Medium,1140,10,30.0,34200.0,1710.0,32490.0,11400,21090.0,8,August,2025
ORD-00381,2025-12-10,France,Government,Amarilla,None,741,260,350.0,259350.0,0.0,259350.0,192660,66690.0,12,December,2025
ORD-00382,2025-05-29,Germany,Government,Amarilla,High,1065,260,350.0,372750.0,37275.0,335475.0,276900,58575.0,5,May,2025
ORD-00383,2024-10-29,Germany,Small Business,Montana,None,1101,5,27.5,30277.5,0.0,30277.5,5505,24772.5,10,October,2024
ORD-00384,2025-09-12,Germany,Enterprise,Amarilla,Medium,895,260,420.0,375900.0,18795.0,357105.0,232700,124405.0,9,September,2025
ORD-00385,2025-04-27,United States,Midmarket,Montana,Medium,312,5,22.5,7020.0,351.0,6669.0,1560,5109.0,4,April,2025
ORD-00386,2025-06-22,Mexico,Small Business,Amarilla,Low,360,260,385.0,138600.0,2772.0,135828.0,93600,42228.0,6,June,2025
ORD-00387,2025-07-31,Canada,Government,VTT,High,769,250,320.0,246080.0,24608.0,221472.0,192250,29222.0,7,July,2025
ORD-00388,2024-06-17,Germany,Small Business,Velo,None,1139,120,198.0,225522.0,0.0,225522.0,136680,88842.0,6,June,2024
ORD-00389,2024-07-29,United States,Enterprise,Carretera,High,713,3,24.0,17112.0,1711.2,15400.8,2139,13261.8,7,July,2024
ORD-00390,2024-05-15,United States,Enterprise,Velo,Medium,866,120,216.0,187056.0,9352.8,177703.2,103920,73783.2,5,May,2024
ORD-00391,2025-07-26,Mexico,Channel Partners,Amarilla,None,629,260,280.0,176120.0,0.0,176120.0,163540,12580.0,7,July,2025
ORD-00392,2024-08-11,United States,Government,Carretera,Low,853,3,20.0,17060.0,341.2,16718.8,2559,14159.8,8,August,2024
ORD-00393,2025-12-18,Canada,Small Business,Carretera,High,1584,3,22.0,34848.0,3484.8,31363.2,4752,26611.2,12,December,2025
ORD-00394,2024-02-02,Germany,Enterprise,Montana,Medium,912,5,30.0,27360.0,1368.0,25992.0,4560,21432.0,2,February,2024
ORD-00395,2025-10-18,Mexico,Channel Partners,Velo,Low,1072,120,144.0,154368.0,3087.36,151280.64,128640,22640.64,10,October,2025
ORD-00396,2024-03-23,United States,Midmarket,Amarilla,High,654,260,315.0,206010.0,20601.0,185409.0,170040,15369.0,3,March,2024
ORD-00397,2024-05-01,France,Small Business,Velo,Medium,670,120,198.0,132660.0,6633.0,126027.0,80400,45627.0,5,May,2024
ORD-00398,2024-01-04,Canada,Channel Partners,Velo,Medium,394,120,144.0,56736.0,2836.8,53899.2,47280,6619.2,1,January,2024
ORD-00399,2025-07-11,Mexico,Small Business,Velo,High,633,120,198.0,125334.0,12533.4,112800.6,75960,36840.6,7,July,2025
ORD-00400,2024-10-09,France,Government,Carretera,Medium,1220,3,20.0,24400.0,1220.0,23180.0,3660,19520.0,10,October,2024
ORD-00401,2025-03-05,United States,Government,Montana,None,900,5,25.0,22500.0,0.0,22500.0,4500,18000.0,3,March,2025
ORD-00402,2025-09-04,Canada,Midmarket,Amarilla,None,709,260,315.0,223335.0,0.0,223335.0,184340,38995.0,9,September,2025
ORD-00403,2025-03-25,France,Small Business,Montana,Medium,726,5,27.5,19965.0,998.25,18966.75,3630,15336.75,3,March,2025
ORD-00404,2024-10-23,France,Small Business,Paseo,Medium,671,10,33.0,22143.0,1107.15,21035.85,6710,14325.85,10,October,2024
ORD-00405,2025-11-19,Germany,Midmarket,Paseo,High,1434,10,27.0,38718.0,3871.8,34846.2,14340,20506.2,11,November,2025
ORD-00406,2025-02-27,Germany,Channel Partners,Carretera,Medium,612,3,16.0,9792.0,489.6,9302.4,1836,7466.4,2,February,2025
ORD-00407,2025-08-28,France,Enterprise,VTT,Low,1404,250,384.0,539136.0,10782.72,528353.28,351000,177353.28,8,August,2025
ORD-00408,2025-11-18,Mexico,Small Business,Paseo,Medium,648,10,33.0,21384.0,1069.2,20314.8,6480,13834.8,11,November,2025
ORD-00409,2025-02-22,France,Channel Partners,Velo,None,410,120,144.0,59040.0,0.0,59040.0,49200,9840.0,2,February,2025
ORD-00410,2024-08-18,Germany,Midmarket,Velo,High,699,120,162.0,113238.0,11323.8,101914.2,83880,18034.2,8,August,2024
ORD-00411,2025-07-29,Mexico,Enterprise,VTT,Medium,471,250,384.0,180864.0,9043.2,171820.8,117750,54070.8,7,July,2025
ORD-00412,2024-12-04,Canada,Enterprise,Paseo,None,1007,10,36.0,36252.0,0.0,36252.0,10070,26182.0,12,December,2024
ORD-00413,2024-07-14,Canada,Channel Partners,Velo,Medium,202,120,144.0,29088.0,1454.4,27633.6,24240,3393.6,7,July,2024
ORD-00414,2024-07-11,United States,Small Business,Montana,Low,392,5,27.5,10780.0,215.6,10564.4,1960,8604.4,7,July,2024
ORD-00415,2024-12-06,Germany,Government,Montana,High,1141,5,25.0,28525.0,2852.5,25672.5,5705,19967.5,12,December,2024
ORD-00416,2025-05-05,France,Small Business,Amarilla,None,664,260,385.0,255640.0,0.0,255640.0,172640,83000.0,5,May,2025
ORD-00417,2024-09-02,United States,Channel Partners,Paseo,Low,499,10,24.0,11976.0,239.52,11736.48,4990,6746.48,9,September,2024
ORD-00418,2024-09-24,Germany,Small Business,Velo,Low,691,120,198.0,136818.0,2736.36,134081.64,82920,51161.64,9,September,2024
ORD-00419,2025-04-25,Germany,Midmarket,Paseo,Low,1376,10,27.0,37152.0,743.04,36408.96,13760,22648.96,4,April,2025
ORD-00420,2024-05-29,Canada,Channel Partners,VTT,High,826,250,256.0,211456.0,21145.6,190310.4,206500,-16189.6,5,May,2024
ORD-00421,2025-08-16,Mexico,Channel Partners,Montana,None,673,5,20.0,13460.0,0.0,13460.0,3365,10095.0,8,August,2025
ORD-00422,2024-09-08,Mexico,Small Business,Amarilla,High,977,260,385.0,376145.0,37614.5,338530.5,254020,84510.5,9,September,2024
ORD-00423,2024-12-11,Germany,Enterprise,Amarilla,Medium,699,260,420.0,293580.0,14679.0,278901.0,181740,97161.0,12,December,2024
ORD-00424,2024-12-26,France,Midmarket,Amarilla,Medium,888,260,315.0,279720.0,13986.0,265734.0,230880,34854.0,12,December,2024
ORD-00425,2024-07-07,United States,Government,VTT,None,1313,250,320.0,420160.0,0.0,420160.0,328250,91910.0,7,July,2024
ORD-00426,2025-11-15,Canada,Government,Velo,None,126,120,180.0,22680.0,0.0,22680.0,15120,7560.0,11,November,2025
ORD-00427,2025-10-07,France,Government,Amarilla,None,955,260,350.0,334250.0,0.0,334250.0,248300,85950.0,10,October,2025
ORD-00428,2024-03-02,United States,Small Business,Velo,Medium,1209,120,198.0,239382.0,11969.1,227412.9,145080,82332.9,3,March,2024
ORD-00429,2024-01-17,Canada,Small Business,VTT,Low,950,250,352.0,334400.0,6688.0,327712.0,237500,90212.0,1,January,2024
ORD-00430,2025-07-02,Germany,Government,VTT,Medium,810,250,320.0,259200.0,12960.0,246240.0,202500,43740.0,7,July,2025
ORD-00431,2025-11-21,Mexico,Midmarket,Carretera,High,539,3,18.0,9702.0,970.2,8731.8,1617,7114.8,11,November,2025
ORD-00432,2025-09-26,United States,Channel Partners,Paseo,Low,785,10,24.0,18840.0,376.8,18463.2,7850,10613.2,9,September,2025
ORD-00433,2025-02-10,Canada,Channel Partners,Velo,Low,581,120,144.0,83664.0,1673.28,81990.72,69720,12270.72,2,February,2025
ORD-00434,2024-11-03,Canada,Government,Carretera,Low,1381,3,20.0,27620.0,552.4,27067.6,4143,22924.6,11,November,2024
ORD-00435,2025-01-21,United States,Enterprise,Carretera,Medium,665,3,24.0,15960.0,798.0,15162.0,1995,13167.0,1,January,2025
ORD-00436,2025-03-20,Germany,Small Business,Carretera,High,627,3,22.0,13794.0,1379.4,12414.6,1881,10533.6,3,March,2025
ORD-00437,2024-02-13,France,Midmarket,Amarilla,High,517,260,315.0,162855.0,16285.5,146569.5,134420,12149.5,2,February,2024
ORD-00438,2024-03-17,Germany,Small Business,VTT,Medium,771,250,352.0,271392.0,13569.6,257822.4,192750,65072.4,3,March,2024
ORD-00439,2024-07-02,Germany,Government,Montana,Medium,763,5,25.0,19075.0,953.75,18121.25,3815,14306.25,7,July,2024
ORD-00440,2025-02-11,Canada,Channel Partners,Montana,Medium,182,5,20.0,3640.0,182.0,3458.0,910,2548.0,2,February,2025
ORD-00441,2025-08-03,Mexico,Small Business,Paseo,Low,599,10,33.0,19767.0,395.34,19371.66,5990,13381.66,8,August,2025
ORD-00442,2025-12-06,Canada,Small Business,Amarilla,High,202,260,385.0,77770.0,7777.0,69993.0,52520,17473.0,12,December,2025
ORD-00443,2024-02-24,Canada,Enterprise,Montana,High,341,5,30.0,10230.0,1023.0,9207.0,1705,7502.0,2,February,2024
ORD-00444,2025-09-01,Mexico,Channel Partners,Carretera,Medium,1019,3,16.0,16304.0,815.2,15488.8,3057,12431.8,9,September,2025
ORD-00445,2025-04-06,Mexico,Midmarket,Paseo,Medium,507,10,27.0,13689.0,684.45,13004.55,5070,7934.55,4,April,2025
ORD-00446,2025-08-22,Mexico,Government,VTT,Low,752,250,320.0,240640.0,4812.8,235827.2,188000,47827.2,8,August,2025
ORD-00447,2024-09-09,Canada,Government,Paseo,None,568,10,30.0,17040.0,0.0,17040.0,5680,11360.0,9,September,2024
ORD-00448,2025-02-02,Germany,Channel Partners,Carretera,None,263,3,16.0,4208.0,0.0,4208.0,789,3419.0,2,February,2025
ORD-00449,2024-11-11,Mexico,Channel Partners,Paseo,None,1093,10,24.0,26232.0,0.0,26232.0,10930,15302.0,11,November,2024
ORD-00450,2025-07-24,United States,Small Business,Velo,None,1022,120,198.0,202356.0,0.0,202356.0,122640,79716.0,7,July,2025
ORD-00451,2024-04-01,Germany,Small Business,Carretera,Medium,894,3,22.0,19668.0,983.4,18684.6,2682,16002.6,4,April,2024
ORD-00452,2024-01-13,Germany,Enterprise,Velo,Medium,105,120,216.0,22680.0,1134.0,21546.0,12600,8946.0,1,January,2024
ORD-00453,2025-07-26,France,Small Business,VTT,None,579,250,352.0,203808.0,0.0,203808.0,144750,59058.0,7,July,2025
ORD-00454,2024-11-04,Germany,Enterprise,Montana,None,1095,5,30.0,32850.0,0.0,32850.0,5475,27375.0,11,November,2024
ORD-00455,2025-03-21,Germany,Enterprise,Paseo,Low,974,10,36.0,35064.0,701.28,34362.72,9740,24622.72,3,March,2025
ORD-00456,2024-09-09,Mexico,Small Business,VTT,None,725,250,352.0,255200.0,0.0,255200.0,181250,73950.0,9,September,2024
ORD-00457,2024-04-19,France,Channel Partners,Carretera,High,493,3,16.0,7888.0,788.8,7099.2,1479,5620.2,4,April,2024
ORD-00458,2024-12-03,Mexico,Channel Partners,Velo,Medium,1195,120,144.0,172080.0,8604.0,163476.0,143400,20076.0,12,December,2024
ORD-00459,2025-10-28,United States,Midmarket,Paseo,Low,1312,10,27.0,35424.0,708.48,34715.52,13120,21595.52,10,October,2025
ORD-00460,2024-11-17,France,Enterprise,Paseo,Low,793,10,36.0,28548.0,570.96,27977.04,7930,20047.04,11,November,2024
ORD-00461,2025-12-12,Mexico,Small Business,Montana,Low,675,5,27.5,18562.5,371.25,18191.25,3375,14816.25,12,December,2025
ORD-00462,2025-01-08,Canada,Small Business,Montana,Medium,982,5,27.5,27005.0,1350.25,25654.75,4910,20744.75,1,January,2025
ORD-00463,2025-07-12,France,Small Business,Carretera,High,242,3,22.0,5324.0,532.4,4791.6,726,4065.6,7,July,2025
ORD-00464,2025-03-24,Germany,Government,Velo,Medium,877,120,180.0,157860.0,7893.0,149967.0,105240,44727.0,3,March,2025
ORD-00465,2024-05-22,Germany,Midmarket,Paseo,Medium,632,10,27.0,17064.0,853.2,16210.8,6320,9890.8,5,May,2024
ORD-00466,2024-03-16,Mexico,Small Business,Velo,Medium,164,120,198.0,32472.0,1623.6,30848.4,19680,11168.4,3,March,2024
ORD-00467,2025-07-01,United States,Enterprise,VTT,None,1365,250,384.0,524160.0,0.0,524160.0,341250,182910.0,7,July,2025
ORD-00468,2025-07-03,United States,Government,Carretera,Medium,717,3,20.0,14340.0,717.0,13623.0,2151,11472.0,7,July,2025
ORD-00469,2025-11-04,Germany,Midmarket,Amarilla,Medium,407,260,315.0,128205.0,6410.25,121794.75,105820,15974.75,11,November,2025
ORD-00470,2025-10-24,Mexico,Channel Partners,Velo,None,599,120,144.0,86256.0,0.0,86256.0,71880,14376.0,10,October,2025
ORD-00471,2024-04-10,Germany,Midmarket,VTT,Medium,294,250,288.0,84672.0,4233.6,80438.4,73500,6938.4,4,April,2024
ORD-00472,2024-08-14,Mexico,Channel Partners,Velo,Low,483,120,144.0,69552.0,1391.04,68160.96,57960,10200.96,8,August,2024
ORD-00473,2025-11-26,United States,Small Business,Montana,Low,1237,5,27.5,34017.5,680.35,33337.15,6185,27152.15,11,November,2025
ORD-00474,2025-03-01,Canada,Government,Amarilla,None,685,260,350.0,239750.0,0.0,239750.0,178100,61650.0,3,March,2025
ORD-00475,2024-11-15,Germany,Enterprise,Montana,Medium,838,5,30.0,25140.0,1257.0,23883.0,4190,19693.0,11,November,2024
ORD-00476,2025-12-14,Mexico,Channel Partners,Carretera,Low,912,3,16.0,14592.0,291.84,14300.16,2736,11564.16,12,December,2025
ORD-00477,2025-12-28,Canada,Government,Paseo,Medium,736,10,30.0,22080.0,1104.0,20976.0,7360,13616.0,12,December,2025
ORD-00478,2024-09-06,United States,Midmarket,VTT,None,635,250,288.0,182880.0,0.0,182880.0,158750,24130.0,9,September,2024
ORD-00479,2025-07-27,Mexico,Enterprise,Montana,Medium,511,5,30.0,15330.0,766.5,14563.5,2555,12008.5,7,July,2025
ORD-00480,2025-11-04,Mexico,Enterprise,Carretera,Medium,629,3,24.0,15096.0,754.8,14341.2,1887,12454.2,11,November,2025
ORD-00481,2024-07-21,Mexico,Small Business,Velo,Low,578,120,198.0,114444.0,2288.88,112155.12,69360,42795.12,7,July,2024
ORD-00482,2025-12-21,Canada,Small Business,Carretera,Medium,599,3,22.0,13178.0,658.9,12519.1,1797,10722.1,12,December,2025
ORD-00483,2025-07-03,France,Channel Partners,Paseo,None,1037,10,24.0,24888.0,0.0,24888.0,10370,14518.0,7,July,2025
ORD-00484,2025-05-16,United States,Channel Partners,VTT,Low,1172,250,256.0,300032.0,6000.64,294031.36,293000,1031.36,5,May,2025
ORD-00485,2025-02-05,United States,Government,Paseo,Low,523,10,30.0,15690.0,313.8,15376.2,5230,10146.2,2,February,2025
ORD-00486,2025-11-20,Germany,Small Business,VTT,None,1010,250,352.0,355520.0,0.0,355520.0,252500,103020.0,11,November,2025
ORD-00487,2024-05-17,Germany,Government,Montana,Low,959,5,25.0,23975.0,479.5,23495.5,4795,18700.5,5,May,2024
ORD-00488,2025-06-07,Mexico,Enterprise,VTT,None,1008,250,384.0,387072.0,0.0,387072.0,252000,135072.0,6,June,2025
ORD-00489,2025-01-27,Mexico,Midmarket,Velo,Medium,420,120,162.0,68040.0,3402.0,64638.0,50400,14238.0,1,January,2025
ORD-00490,2024-06-26,United States,Midmarket,Velo,Low,348,120,162.0,56376.0,1127.52,55248.48,41760,13488.48,6,June,2024
ORD-00491,2024-07-10,Germany,Enterprise,VTT,None,727,250,384.0,279168.0,0.0,279168.0,181750,97418.0,7,July,2024
ORD-00492,2024-05-19,France,Enterprise,VTT,Low,732,250,384.0,281088.0,5621.76,275466.24,183000,92466.24,5,May,2024
ORD-00493,2025-05-21,Mexico,Enterprise,Velo,Medium,476,120,216.0,102816.0,5140.8,97675.2,57120,40555.2,5,May,2025
ORD-00494,2025-08-01,Canada,Midmarket,Paseo,None,724,10,27.0,19548.0,0.0,19548.0,7240,12308.0,8,August,2025
ORD-00495,2024-08-18,United States,Channel Partners,Montana,Medium,267,5,20.0,5340.0,267.0,5073.0,1335,3738.0,8,August,2024
ORD-00496,2025-05-22,United States,Small Business,Carretera,Medium,581,3,22.0,12782.0,639.1,12142.9,1743,10399.9,5,May,2025
ORD-00497,2024-10-01,United States,Channel Partners,VTT,High,1713,250,256.0,438528.0,43852.8,394675.2,428250,-33574.8,10,October,2024
ORD-00498,2025-07-13,France,Enterprise,Carretera,Medium,823,3,24.0,19752.0,987.6,18764.4,2469,16295.4,7,July,2025
ORD-00499,2025-10-31,France,Channel Partners,Carretera,Low,473,3,16.0,7568.0,151.36,7416.64,1419,5997.64,10,October,2025
ORD-00500,2025-03-25,Canada,Midmarket,Montana,Medium,1092,5,22.5,24570.0,1228.5,23341.5,5460,17881.5,3,March,2025
ORD-00501,2025-08-25,Germany,Small Business,Amarilla,Low,332,260,385.0,127820.0,2556.4,125263.6,86320,38943.6,8,August,2025
ORD-00502,2024-07-30,Canada,Small Business,Paseo,Medium,331,10,33.0,10923.0,546.15,10376.85,3310,7066.85,7,July,2024
ORD-00503,2025-09-03,United States,Midmarket,Paseo,High,703,10,27.0,18981.0,1898.1,17082.9,7030,10052.9,9,September,2025
ORD-00504,2025-06-10,Canada,Midmarket,Velo,High,1023,120,162.0,165726.0,16572.6,149153.4,122760,26393.4,6,June,2025
ORD-00505,2024-10-10,France,Midmarket,Montana,None,751,5,22.5,16897.5,0.0,16897.5,3755,13142.5,10,October,2024
ORD-00506,2025-11-23,Mexico,Enterprise,Montana,Medium,1016,5,30.0,30480.0,1524.0,28956.0,5080,23876.0,11,November,2025
ORD-00507,2024-10-02,Mexico,Enterprise,Velo,None,947,120,216.0,204552.0,0.0,204552.0,113640,90912.0,10,October,2024
ORD-00508,2025-02-16,United States,Channel Partners,Amarilla,High,207,260,280.0,57960.0,5796.0,52164.0,53820,-1656.0,2,February,2025
ORD-00509,2025-01-12,Mexico,Enterprise,Paseo,Medium,837,10,36.0,30132.0,1506.6,28625.4,8370,20255.4,1,January,2025
ORD-00510,2024-04-05,Mexico,Channel Partners,Carretera,Medium,246,3,16.0,3936.0,196.8,3739.2,738,3001.2,4,April,2024
ORD-00511,2025-02-11,France,Enterprise,Montana,Low,502,5,30.0,15060.0,301.2,14758.8,2510,12248.8,2,February,2025
ORD-00512,2025-07-14,United States,Midmarket,VTT,High,1085,250,288.0,312480.0,31248.0,281232.0,271250,9982.0,7,July,2025
ORD-00513,2024-12-17,Canada,Government,Carretera,Medium,864,3,20.0,17280.0,864.0,16416.0,2592,13824.0,12,December,2024
ORD-00514,2024-06-10,Mexico,Enterprise,Carretera,High,588,3,24.0,14112.0,1411.2,12700.8,1764,10936.8,6,June,2024
ORD-00515,2025-03-14,France,Midmarket,Amarilla,Low,1132,260,315.0,356580.0,7131.6,349448.4,294320,55128.4,3,March,2025
ORD-00516,2024-04-05,Germany,Channel Partners,Carretera,Low,285,3,16.0,4560.0,91.2,4468.8,855,3613.8,4,April,2024
ORD-00517,2025-10-26,France,Government,Velo,Medium,780,120,180.0,140400.0,7020.0,133380.0,93600,39780.0,10,October,2025
ORD-00518,2025-03-15,Canada,Government,Carretera,None,192,3,20.0,3840.0,0.0,3840.0,576,3264.0,3,March,2025
ORD-00519,2024-03-20,France,Small Business,Montana,Low,664,5,27.5,18260.0,365.2,17894.8,3320,14574.8,3,March,2024
ORD-00520,2024-12-17,Canada,Enterprise,Amarilla,None,846,260,420.0,355320.0,0.0,355320.0,219960,135360.0,12,December,2024
ORD-00521,2024-03-13,France,Enterprise,Carretera,Medium,908,3,24.0,21792.0,1089.6,20702.4,2724,17978.4,3,March,2024
ORD-00522,2024-11-02,France,Enterprise,Montana,Medium,1070,5,30.0,32100.0,1605.0,30495.0,5350,25145.0,11,November,2024
ORD-00523,2025-11-24,France,Government,VTT,Medium,702,250,320.0,224640.0,11232.0,213408.0,175500,37908.0,11,November,2025
ORD-00524,2024-12-25,France,Midmarket,Velo,Medium,731,120,162.0,118422.0,5921.1,112500.9,87720,24780.9,12,December,2024
ORD-00525,2025-03-29,France,Government,Carretera,None,1047,3,20.0,20940.0,0.0,20940.0,3141,17799.0,3,March,2025
ORD-00526,2024-12-25,Mexico,Channel Partners,Montana,Low,1169,5,20.0,23380.0,467.6,22912.4,5845,17067.4,12,December,2024
ORD-00527,2025-10-22,Canada,Midmarket,VTT,Medium,778,250,288.0,224064.0,11203.2,212860.8,194500,18360.8,10,October,2025
ORD-00528,2025-12-08,Canada,Channel Partners,Montana,Low,544,5,20.0,10880.0,217.6,10662.4,2720,7942.4,12,December,2025
ORD-00529,2025-06-05,France,Enterprise,Paseo,Medium,812,10,36.0,29232.0,1461.6,27770.4,8120,19650.4,6,June,2025
ORD-00530,2024-09-02,Mexico,Enterprise,Carretera,Low,160,3,24.0,3840.0,76.8,3763.2,480,3283.2,9,September,2024
ORD-00531,2025-10-15,United States,Government,VTT,High,1450,250,320.0,464000.0,46400.0,417600.0,362500,55100.0,10,October,2025
ORD-00532,2024-11-20,France,Enterprise,VTT,Low,901,250,384.0,345984.0,6919.68,339064.32,225250,113814.32,11,November,2024
ORD-00533,2025-07-13,France,Enterprise,Carretera,None,913,3,24.0,21912.0,0.0,21912.0,2739,19173.0,7,July,2025
ORD-00534,2024-02-10,Canada,Enterprise,VTT,Low,643,250,384.0,246912.0,4938.24,241973.76,160750,81223.76,2,February,2024
ORD-00535,2025-12-30,United States,Enterprise,Velo,Medium,1509,120,216.0,325944.0,16297.2,309646.8,181080,128566.8,12,December,2025
ORD-00536,2025-09-22,France,Channel Partners,Carretera,Low,884,3,16.0,14144.0,282.88,13861.12,2652,11209.12,9,September,2025
ORD-00537,2025-06-07,France,Midmarket,VTT,Low,264,250,288.0,76032.0,1520.64,74511.36,66000,8511.36,6,June,2025
ORD-00538,2025-10-27,Canada,Channel Partners,Amarilla,Low,518,260,280.0,145040.0,2900.8,142139.2,134680,7459.2,10,October,2025
ORD-00539,2024-09-01,Canada,Midmarket,Carretera,High,957,3,18.0,17226.0,1722.6,15503.4,2871,12632.4,9,September,2024
ORD-00540,2024-02-26,Germany,Midmarket,Carretera,None,895,3,18.0,16110.0,0.0,16110.0,2685,13425.0,2,February,2024
ORD-00541,2024-05-20,Canada,Midmarket,Velo,High,172,120,162.0,27864.0,2786.4,25077.6,20640,4437.6,5,May,2024
ORD-00542,2024-09-22,France,Channel Partners,Montana,Medium,624,5,20.0,12480.0,624.0,11856.0,3120,8736.0,9,September,2024
ORD-00543,2024-10-02,Canada,Government,Paseo,Medium,813,10,30.0,24390.0,1219.5,23170.5,8130,15040.5,10,October,2024
ORD-00544,2025-12-30,United States,Government,Velo,Low,1191,120,180.0,214380.0,4287.6,210092.4,142920,67172.4,12,December,2025
ORD-00545,2025-01-03,Canada,Enterprise,VTT,None,794,250,384.0,304896.0,0.0,304896.0,198500,106396.0,1,January,2025
ORD-00546,2025-08-10,Canada,Midmarket,Amarilla,Low,1075,260,315.0,338625.0,6772.5,331852.5,279500,52352.5,8,August,2025
ORD-00547,2024-02-15,Canada,Midmarket,Carretera,Low,462,3,18.0,8316.0,166.32,8149.68,1386,6763.68,2,February,2024
ORD-00548,2024-02-06,United States,Enterprise,Montana,Low,817,5,30.0,24510.0,490.2,24019.8,4085,19934.8,2,February,2024
ORD-00549,2025-03-02,Germany,Channel Partners,Carretera,Medium,1110,3,16.0,17760.0,888.0,16872.0,3330,13542.0,3,March,2025
ORD-00550,2024-02-23,France,Midmarket,VTT,High,855,250,288.0,246240.0,24624.0,221616.0,213750,7866.0,2,February,2024
ORD-00551,2025-02-14,Canada,Enterprise,Paseo,Medium,526,10,36.0,18936.0,946.8,17989.2,5260,12729.2,2,February,2025
ORD-00552,2025-04-12,Canada,Channel Partners,Montana,Low,777,5,20.0,15540.0,310.8,15229.2,3885,11344.2,4,April,2025
ORD-00553,2024-11-07,United States,Midmarket,Velo,Low,2555,120,162.0,413910.0,8278.2,405631.8,306600,99031.8,11,November,2024
ORD-00554,2024-07-19,United States,Midmarket,Montana,None,608,5,22.5,13680.0,0.0,13680.0,3040,10640.0,7,July,2024
ORD-00555,2025-02-23,Canada,Midmarket,VTT,Low,829,250,288.0,238752.0,4775.04,233976.96,207250,26726.96,2,February,2025
ORD-00556,2024-12-09,Canada,Enterprise,Amarilla,Medium,214,260,420.0,89880.0,4494.0,85386.0,55640,29746.0,12,December,2024
ORD-00557,2024-04-16,France,Small Business,Montana,Low,1480,5,27.5,40700.0,814.0,39886.0,7400,32486.0,4,April,2024
ORD-00558,2024-05-25,Germany,Government,Carretera,High,546,3,20.0,10920.0,1092.0,9828.0,1638,8190.0,5,May,2024
ORD-00559,2025-06-16,Mexico,Channel Partners,Velo,High,734,120,144.0,105696.0,10569.6,95126.4,88080,7046.4,6,June,2025
ORD-00560,2024-05-16,Mexico,Government,VTT,Medium,691,250,320.0,221120.0,11056.0,210064.0,172750,37314.0,5,May,2024
ORD-00561,2025-03-21,France,Midmarket,Paseo,Low,485,10,27.0,13095.0,261.9,12833.1,4850,7983.1,3,March,2025
ORD-00562,2025-12-18,Germany,Channel Partners,Velo,Low,1612,120,144.0,232128.0,4642.56,227485.44,193440,34045.44,12,December,2025
ORD-00563,2024-03-17,France,Midmarket,VTT,None,958,250,288.0,275904.0,0.0,275904.0,239500,36404.0,3,March,2024
ORD-00564,2024-11-17,Mexico,Government,VTT,Low,1014,250,320.0,324480.0,6489.6,317990.4,253500,64490.4,11,November,2024
ORD-00565,2024-07-31,Mexico,Channel Partners,Velo,Low,745,120,144.0,107280.0,2145.6,105134.4,89400,15734.4,7,July,2024
ORD-00566,2025-12-03,Germany,Small Business,Carretera,None,1107,3,22.0,24354.0,0.0,24354.0,3321,21033.0,12,December,2025
ORD-00567,2024-12-01,France,Government,Amarilla,Low,597,260,350.0,208950.0,4179.0,204771.0,155220,49551.0,12,December,2024
ORD-00568,2025-11-24,Germany,Channel Partners,Montana,None,1327,5,20.0,26540.0,0.0,26540.0,6635,19905.0,11,November,2025
ORD-00569,2025-02-18,Mexico,Small Business,Amarilla,Medium,623,260,385.0,239855.0,11992.75,227862.25,161980,65882.25,2,February,2025
ORD-00570,2024-05-23,Canada,Government,Carretera,High,739,3,20.0,14780.0,1478.0,13302.0,2217,11085.0,5,May,2024
ORD-00571,2024-08-15,France,Midmarket,Velo,Low,405,120,162.0,65610.0,1312.2,64297.8,48600,15697.8,8,August,2024
ORD-00572,2025-08-19,United States,Channel Partners,Carretera,None,454,3,16.0,7264.0,0.0,7264.0,1362,5902.0,8,August,2025
ORD-00573,2024-03-07,France,Enterprise,Montana,None,1013,5,30.0,30390.0,0.0,30390.0,5065,25325.0,3,March,2024
ORD-00574,2024-05-05,Canada,Enterprise,Carretera,None,240,3,24.0,5760.0,0.0,5760.0,720,5040.0,5,May,2024
ORD-00575,2025-08-10,Mexico,Enterprise,Velo,None,562,120,216.0,121392.0,0.0,121392.0,67440,53952.0,8,August,2025
ORD-00576,2024-08-07,France,Channel Partners,Paseo,Low,531,10,24.0,12744.0,254.88,12489.12,5310,7179.12,8,August,2024
ORD-00577,2024-06-01,Canada,Small Business,VTT,Medium,463,250,352.0,162976.0,8148.8,154827.2,115750,39077.2,6,June,2024
ORD-00578,2025-07-17,Mexico,Government,Carretera,Low,376,3,20.0,7520.0,150.4,7369.6,1128,6241.6,7,July,2025
ORD-00579,2024-05-20,Mexico,Midmarket,Amarilla,High,253,260,315.0,79695.0,7969.5,71725.5,65780,5945.5,5,May,2024
ORD-00580,2025-07-10,Canada,Enterprise,Amarilla,Low,600,260,420.0,252000.0,5040.0,246960.0,156000,90960.0,7,July,2025
ORD-00581,2025-07-11,Mexico,Channel Partners,VTT,Low,500,250,256.0,128000.0,2560.0,125440.0,125000,440.0,7,July,2025
ORD-00582,2024-11-22,United States,Midmarket,Carretera,High,1212,3,18.0,21816.0,2181.6,19634.4,3636,15998.4,11,November,2024
ORD-00583,2024-10-14,Canada,Enterprise,VTT,Low,607,250,384.0,233088.0,4661.76,228426.24,151750,76676.24,10,October,2024
ORD-00584,2024-06-12,Canada,Midmarket,Amarilla,Low,560,260,315.0,176400.0,3528.0,172872.0,145600,27272.0,6,June,2024
ORD-00585,2025-06-30,Canada,Midmarket,VTT,High,743,250,288.0,213984.0,21398.4,192585.6,185750,6835.6,6,June,2025
ORD-00586,2024-06-26,France,Midmarket,VTT,Low,431,250,288.0,124128.0,2482.56,121645.44,107750,13895.44,6,June,2024
ORD-00587,2025-12-15,Germany,Small Business,Carretera,Medium,632,3,22.0,13904.0,695.2,13208.8,1896,11312.8,12,December,2025
ORD-00588,2024-05-25,United States,Midmarket,Velo,Medium,1194,120,162.0,193428.0,9671.4,183756.6,143280,40476.6,5,May,2024
ORD-00589,2024-06-28,Mexico,Government,Carretera,None,586,3,20.0,11720.0,0.0,11720.0,1758,9962.0,6,June,2024
ORD-00590,2025-05-04,Canada,Channel Partners,VTT,None,630,250,256.0,161280.0,0.0,161280.0,157500,3780.0,5,May,2025
ORD-00591,2024-05-13,Germany,Midmarket,Paseo,None,1059,10,27.0,28593.0,0.0,28593.0,10590,18003.0,5,May,2024
ORD-00592,2024-05-25,Canada,Small Business,Paseo,High,1021,10,33.0,33693.0,3369.3,30323.7,10210,20113.7,5,May,2024
ORD-00593,2025-01-17,Mexico,Small Business,Carretera,Low,259,3,22.0,5698.0,113.96,5584.04,777,4807.04,1,January,2025
ORD-00594,2025-03-23,Mexico,Channel Partners,Montana,Medium,1291,5,20.0,25820.0,1291.0,24529.0,6455,18074.0,3,March,2025
ORD-00595,2025-07-29,United States,Channel Partners,Montana,Medium,962,5,20.0,19240.0,962.0,18278.0,4810,13468.0,7,July,2025
ORD-00596,2025-12-06,Germany,Midmarket,Montana,Medium,582,5,22.5,13095.0,654.75,12440.25,2910,9530.25,12,December,2025
ORD-00597,2025-12-19,United States,Enterprise,VTT,None,234,250,384.0,89856.0,0.0,89856.0,58500,31356.0,12,December,2025
ORD-00598,2025-09-18,France,Small Business,Carretera,High,294,3,22.0,6468.0,646.8,5821.2,882,4939.2,9,September,2025
ORD-00599,2024-05-24,Germany,Government,Montana,Low,561,5,25.0,14025.0,280.5,13744.5,2805,10939.5,5,May,2024
ORD-00600,2024-03-31,Germany,Enterprise,Carretera,Low,1173,3,24.0,28152.0,563.04,27588.96,3519,24069.96,3,March,2024
ORD-00601,2024-09-12,Canada,Channel Partners,Paseo,Medium,648,10,24.0,15552.0,777.6,14774.4,6480,8294.4,9,September,2024
ORD-00602,2025-03-24,Mexico,Midmarket,Velo,Low,546,120,162.0,88452.0,1769.04,86682.96,65520,21162.96,3,March,2025
ORD-00603,2025-01-22,Germany,Small Business,Velo,None,96,120,198.0,19008.0,0.0,19008.0,11520,7488.0,1,January,2025
ORD-00604,2025-10-28,France,Midmarket,Velo,None,971,120,162.0,157302.0,0.0,157302.0,116520,40782.0,10,October,2025
ORD-00605,2024-02-04,Germany,Government,Paseo,Low,841,10,30.0,25230.0,504.6,24725.4,8410,16315.4,2,February,2024
ORD-00606,2025-01-19,France,Government,VTT,High,737,250,320.0,235840.0,23584.0,212256.0,184250,28006.0,1,January,2025
ORD-00607,2024-04-05,Germany,Small Business,VTT,High,658,250,352.0,231616.0,23161.6,208454.4,164500,43954.4,4,April,2024
ORD-00608,2025-10-31,France,Small Business,Velo,None,492,120,198.0,97416.0,0.0,97416.0,59040,38376.0,10,October,2025
ORD-00609,2024-04-13,Germany,Midmarket,Montana,Low,59,5,22.5,1327.5,26.55,1300.95,295,1005.95,4,April,2024
ORD-00610,2025-07-07,Germany,Channel Partners,Paseo,Low,509,10,24.0,12216.0,244.32,11971.68,5090,6881.68,7,July,2025
ORD-00611,2024-02-20,Mexico,Small Business,VTT,High,659,250,352.0,231968.0,23196.8,208771.2,164750,44021.2,2,February,2024
ORD-00612,2025-03-13,Canada,Channel Partners,Amarilla,Medium,886,260,280.0,248080.0,12404.0,235676.0,230360,5316.0,3,March,2025
ORD-00613,2025-05-06,France,Government,Carretera,None,167,3,20.0,3340.0,0.0,3340.0,501,2839.0,5,May,2025
ORD-00614,2025-04-29,Canada,Channel Partners,Velo,Low,67,120,144.0,9648.0,192.96,9455.04,8040,1415.04,4,April,2025
ORD-00615,2025-11-07,Germany,Government,Amarilla,Medium,1280,260,350.0,448000.0,22400.0,425600.0,332800,92800.0,11,November,2025
ORD-00616,2025-01-13,France,Enterprise,Carretera,Low,1082,3,24.0,25968.0,519.36,25448.64,3246,22202.64,1,January,2025
ORD-00617,2025-04-21,Germany,Midmarket,Paseo,Medium,1047,10,27.0,28269.0,1413.45,26855.55,10470,16385.55,4,April,2025
ORD-00618,2024-04-09,Canada,Channel Partners,VTT,Low,1022,250,256.0,261632.0,5232.64,256399.36,255500,899.36,4,April,2024
ORD-00619,2025-08-26,France,Small Business,Carretera,High,830,3,22.0,18260.0,1826.0,16434.0,2490,13944.0,8,August,2025
ORD-00620,2025-07-02,Mexico,Small Business,Montana,Low,374,5,27.5,10285.0,205.7,10079.3,1870,8209.3,7,July,2025
ORD-00621,2024-03-21,Mexico,Government,VTT,Medium,280,250,320.0,89600.0,4480.0,85120.0,70000,15120.0,3,March,2024
ORD-00622,2025-09-27,France,Government,Velo,None,658,120,180.0,118440.0,0.0,118440.0,78960,39480.0,9,September,2025
ORD-00623,2024-06-20,France,Midmarket,Montana,None,1100,5,22.5,24750.0,0.0,24750.0,5500,19250.0,6,June,2024
ORD-00624,2024-07-25,France,Small Business,Paseo,Low,915,10,33.0,30195.0,603.9,29591.1,9150,20441.1,7,July,2024
ORD-00625,2024-03-09,Canada,Enterprise,VTT,Low,559,250,384.0,214656.0,4293.12,210362.88,139750,70612.88,3,March,2024
ORD-00626,2025-04-14,Canada,Small Business,VTT,Medium,868,250,352.0,305536.0,15276.8,290259.2,217000,73259.2,4,April,2025
ORD-00627,2025-03-05,Canada,Enterprise,Montana,None,256,5,30.0,7680.0,0.0,7680.0,1280,6400.0,3,March,2025
ORD-00628,2024-04-12,Canada,Small Business,Carretera,Medium,412,3,22.0,9064.0,453.2,8610.8,1236,7374.8,4,April,2024
ORD-00629,2025-07-02,Germany,Enterprise,Paseo,Low,313,10,36.0,11268.0,225.36,11042.64,3130,7912.64,7,July,2025
ORD-00630,2024-02-08,France,Channel Partners,Velo,None,626,120,144.0,90144.0,0.0,90144.0,75120,15024.0,2,February,2024
ORD-00631,2025-09-15,Mexico,Government,Velo,High,532,120,180.0,95760.0,9576.0,86184.0,63840,22344.0,9,September,2025
ORD-00632,2025-05-01,Germany,Channel Partners,Carretera,Low,964,3,16.0,15424.0,308.48,15115.52,2892,12223.52,5,May,2025
ORD-00633,2024-11-06,Germany,Channel Partners,Velo,High,512,120,144.0,73728.0,7372.8,66355.2,61440,4915.2,11,November,2024
ORD-00634,2024-08-21,France,Channel Partners,Amarilla,Low,20,260,280.0,5600.0,112.0,5488.0,5200,288.0,8,August,2024
ORD-00635,2024-11-24,Germany,Enterprise,VTT,Medium,1051,250,384.0,403584.0,20179.2,383404.8,262750,120654.8,11,November,2024
ORD-00636,2025-02-20,Mexico,Small Business,Paseo,High,681,10,33.0,22473.0,2247.3,20225.7,6810,13415.7,2,February,2025
ORD-00637,2025-06-11,France,Government,Paseo,Medium,270,10,30.0,8100.0,405.0,7695.0,2700,4995.0,6,June,2025
ORD-00638,2025-06-20,United States,Government,Montana,None,1177,5,25.0,29425.0,0.0,29425.0,5885,23540.0,6,June,2025
ORD-00639,2024-07-24,Canada,Midmarket,Carretera,Low,1052,3,18.0,18936.0,378.72,18557.28,3156,15401.28,7,July,2024
ORD-00640,2024-10-07,Germany,Enterprise,VTT,Low,633,250,384.0,243072.0,4861.44,238210.56,158250,79960.56,10,October,2024
ORD-00641,2024-05-06,Canada,Midmarket,Paseo,Low,20,10,27.0,540.0,10.8,529.2,200,329.2,5,May,2024
ORD-00642,2025-04-30,United States,Small Business,Paseo,Low,1124,10,33.0,37092.0,741.84,36350.16,11240,25110.16,4,April,2025
ORD-00643,2024-09-21,Canada,Channel Partners,Carretera,Low,858,3,16.0,13728.0,274.56,13453.44,2574,10879.44,9,September,2024
ORD-00644,2024-08-07,France,Midmarket,Amarilla,None,1033,260,315.0,325395.0,0.0,325395.0,268580,56815.0,8,August,2024
ORD-00645,2025-10-29,Mexico,Small Business,Carretera,High,1287,3,22.0,28314.0,2831.4,25482.6,3861,21621.6,10,October,2025
ORD-00646,2025-04-30,France,Midmarket,VTT,Medium,606,250,288.0,174528.0,8726.4,165801.6,151500,14301.6,4,April,2025
ORD-00647,2024-08-17,Germany,Small Business,Paseo,Medium,690,10,33.0,22770.0,1138.5,21631.5,6900,14731.5,8,August,2024
ORD-00648,2025-01-20,Germany,Enterprise,Paseo,None,428,10,36.0,15408.0,0.0,15408.0,4280,11128.0,1,January,2025
ORD-00649,2024-11-05,United States,Small Business,Velo,Medium,2740,120,198.0,542520.0,27126.0,515394.0,328800,186594.0,11,November,2024
ORD-00650,2025-01-18,United States,Small Business,VTT,Low,755,250,352.0,265760.0,5315.2,260444.8,188750,71694.8,1,January,2025
ORD-00651,2025-12-01,Canada,Enterprise,Carretera,Low,778,3,24.0,18672.0,373.44,18298.56,2334,15964.56,12,December,2025
ORD-00652,2024-10-10,Germany,Channel Partners,Montana,None,1299,5,20.0,25980.0,0.0,25980.0,6495,19485.0,10,October,2024
ORD-00653,2024-09-03,Canada,Small Business,Velo,Medium,472,120,198.0,93456.0,4672.8,88783.2,56640,32143.2,9,September,2024
ORD-00654,2025-11-02,Mexico,Channel Partners,Paseo,High,298,10,24.0,7152.0,715.2,6436.8,2980,3456.8,11,November,2025
ORD-00655,2025-02-18,Mexico,Government,VTT,Medium,401,250,320.0,128320.0,6416.0,121904.0,100250,21654.0,2,February,2025
ORD-00656,2025-12-31,France,Small Business,Amarilla,Medium,768,260,385.0,295680.0,14784.0,280896.0,199680,81216.0,12,December,2025
ORD-00657,2025-11-18,Germany,Small Business,Paseo,High,1391,10,33.0,45903.0,4590.3,41312.7,13910,27402.7,11,November,2025
ORD-00658,2024-07-04,Germany,Government,Velo,None,197,120,180.0,35460.0,0.0,35460.0,23640,11820.0,7,July,2024
ORD-00659,2024-09-21,United States,Midmarket,Amarilla,High,684,260,315.0,215460.0,21546.0,193914.0,177840,16074.0,9,September,2024
ORD-00660,2024-08-16,Germany,Enterprise,Paseo,Low,566,10,36.0,20376.0,407.52,19968.48,5660,14308.48,8,August,2024
ORD-00661,2025-08-22,Germany,Enterprise,Carretera,Low,1042,3,24.0,25008.0,500.16,24507.84,3126,21381.84,8,August,2025
ORD-00662,2025-09-27,Canada,Enterprise,Montana,Low,384,5,30.0,11520.0,230.4,11289.6,1920,9369.6,9,September,2025
ORD-00663,2025-11-28,Mexico,Small Business,Paseo,Low,920,10,33.0,30360.0,607.2,29752.8,9200,20552.8,11,November,2025
ORD-00664,2024-07-24,Germany,Enterprise,VTT,High,621,250,384.0,238464.0,23846.4,214617.6,155250,59367.6,7,July,2024
ORD-00665,2025-04-13,France,Channel Partners,Amarilla,None,935,260,280.0,261800.0,0.0,261800.0,243100,18700.0,4,April,2025
ORD-00666,2024-06-30,Germany,Government,Carretera,Low,897,3,20.0,17940.0,358.8,17581.2,2691,14890.2,6,June,2024
ORD-00667,2024-08-02,France,Small Business,Montana,Low,710,5,27.5,19525.0,390.5,19134.5,3550,15584.5,8,August,2024
ORD-00668,2025-09-21,Mexico,Enterprise,Velo,Low,514,120,216.0,111024.0,2220.48,108803.52,61680,47123.52,9,September,2025
ORD-00669,2025-05-03,Mexico,Government,Carretera,Medium,549,3,20.0,10980.0,549.0,10431.0,1647,8784.0,5,May,2025
ORD-00670,2024-11-25,United States,Midmarket,Carretera,Medium,20,3,18.0,360.0,18.0,342.0,60,282.0,11,November,2024
ORD-00671,2025-10-03,France,Midmarket,Amarilla,High,808,260,315.0,254520.0,25452.0,229068.0,210080,18988.0,10,October,2025
ORD-00672,2025-05-30,United States,Channel Partners,Montana,None,978,5,20.0,19560.0,0.0,19560.0,4890,14670.0,5,May,2025
ORD-00673,2024-02-16,Germany,Channel Partners,Velo,Medium,436,120,144.0,62784.0,3139.2,59644.8,52320,7324.8,2,February,2024
ORD-00674,2025-12-04,France,Channel Partners,Velo,Low,681,120,144.0,98064.0,1961.28,96102.72,81720,14382.72,12,December,2025
ORD-00675,2024-07-11,France,Enterprise,Carretera,Low,677,3,24.0,16248.0,324.96,15923.04,2031,13892.04,7,July,2024
ORD-00676,2024-01-23,United States,Small Business,Montana,None,544,5,27.5,14960.0,0.0,14960.0,2720,12240.0,1,January,2024
ORD-00677,2025-12-29,Canada,Enterprise,Amarilla,Low,721,260,420.0,302820.0,6056.4,296763.6,187460,109303.6,12,December,2025
ORD-00678,2024-02-19,Canada,Government,Carretera,Medium,548,3,20.0,10960.0,548.0,10412.0,1644,8768.0,2,February,2024
ORD-00679,2025-03-02,Mexico,Enterprise,Carretera,Medium,476,3,24.0,11424.0,571.2,10852.8,1428,9424.8,3,March,2025
ORD-00680,2025-12-12,Canada,Channel Partners,Velo,Medium,864,120,144.0,124416.0,6220.8,118195.2,103680,14515.2,12,December,2025
ORD-00681,2025-11-09,United States,Channel Partners,VTT,Medium,1575,250,256.0,403200.0,20160.0,383040.0,393750,-10710.0,11,November,2025
ORD-00682,2024-04-17,United States,Small Business,Carretera,Low,1332,3,22.0,29304.0,586.08,28717.92,3996,24721.92,4,April,2024
ORD-00683,2024-04-18,Mexico,Midmarket,VTT,None,603,250,288.0,173664.0,0.0,173664.0,150750,22914.0,4,April,2024
ORD-00684,2024-07-25,Germany,Enterprise,Paseo,None,1148,10,36.0,41328.0,0.0,41328.0,11480,29848.0,7,July,2024
ORD-00685,2025-07-15,Mexico,Midmarket,Amarilla,High,620,260,315.0,195300.0,19530.0,175770.0,161200,14570.0,7,July,2025
ORD-00686,2025-11-18,Canada,Government,VTT,Medium,854,250,320.0,273280.0,13664.0,259616.0,213500,46116.0,11,November,2025
ORD-00687,2024-06-01,Canada,Small Business,Carretera,Medium,841,3,22.0,18502.0,925.1,17576.9,2523,15053.9,6,June,2024
ORD-00688,2024-08-24,Mexico,Channel Partners,Paseo,Low,753,10,24.0,18072.0,361.44,17710.56,7530,10180.56,8,August,2024
ORD-00689,2024-04-12,France,Government,Paseo,Low,559,10,30.0,16770.0,335.4,16434.6,5590,10844.6,4,April,2024
ORD-00690,2024-04-28,Canada,Government,Carretera,High,395,3,20.0,7900.0,790.0,7110.0,1185,5925.0,4,April,2024
ORD-00691,2025-11-10,France,Channel Partners,Paseo,High,1159,10,24.0,27816.0,2781.6,25034.4,11590,13444.4,11,November,2025
ORD-00692,2024-04-05,Germany,Channel Partners,Montana,None,684,5,20.0,13680.0,0.0,13680.0,3420,10260.0,4,April,2024
ORD-00693,2025-02-13,Mexico,Channel Partners,Velo,Medium,297,120,144.0,42768.0,2138.4,40629.6,35640,4989.6,2,February,2025
ORD-00694,2024-06-19,Canada,Midmarket,Amarilla,Medium,705,260,315.0,222075.0,11103.75,210971.25,183300,27671.25,6,June,2024
ORD-00695,2024-06-12,Canada,Enterprise,VTT,Low,387,250,384.0,148608.0,2972.16,145635.84,96750,48885.84,6,June,2024
ORD-00696,2025-09-17,Mexico,Channel Partners,VTT,None,508,250,256.0,130048.0,0.0,130048.0,127000,3048.0,9,September,2025
ORD-00697,2025-12-01,France,Enterprise,Velo,None,777,120,216.0,167832.0,0.0,167832.0,93240,74592.0,12,December,2025
ORD-00698,2024-09-24,Germany,Government,Amarilla,High,808,260,350.0,282800.0,28280.0,254520.0,210080,44440.0,9,September,2024
ORD-00699,2025-06-21,United States,Small Business,Montana,High,670,5,27.5,18425.0,1842.5,16582.5,3350,13232.5,6,June,2025
ORD-00700,2025-06-19,United States,Government,Velo,Medium,544,120,180.0,97920.0,4896.0,93024.0,65280,27744.0,6,June,2025
ORD-00701,2024-09-11,Mexico,Channel Partners,Amarilla,Medium,243,260,280.0,68040.0,3402.0,64638.0,63180,1458.0,9,September,2024
ORD-00702,2025-07-25,United States,Government,Carretera,Medium,1273,3,20.0,25460.0,1273.0,24187.0,3819,20368.0,7,July,2025
ORD-00703,2024-06-09,United States,Enterprise,Velo,High,1193,120,216.0,257688.0,25768.8,231919.2,143160,88759.2,6,June,2024
ORD-00704,2024-09-03,Germany,Channel Partners,Carretera,Low,926,3,16.0,14816.0,296.32,14519.68,2778,11741.68,9,September,2024
ORD-00705,2025-07-17,Mexico,Enterprise,Montana,None,299,5,30.0,8970.0,0.0,8970.0,1495,7475.0,7,July,2025
ORD-00706,2024-03-31,Mexico,Enterprise,Paseo,None,751,10,36.0,27036.0,0.0,27036.0,7510,19526.0,3,March,2024
ORD-00707,2025-05-24,Canada,Government,Velo,Low,660,120,180.0,118800.0,2376.0,116424.0,79200,37224.0,5,May,2025
ORD-00708,2024-04-03,United States,Small Business,Amarilla,Low,823,260,385.0,316855.0,6337.1,310517.9,213980,96537.9,4,April,2024
ORD-00709,2025-06-04,United States,Midmarket,Amarilla,Medium,1146,260,315.0,360990.0,18049.5,342940.5,297960,44980.5,6,June,2025
ORD-00710,2024-02-25,France,Enterprise,Paseo,Medium,520,10,36.0,18720.0,936.0,17784.0,5200,12584.0,2,February,2024
ORD-00711,2025-09-26,United States,Enterprise,Amarilla,Medium,788,260,420.0,330960.0,16548.0,314412.0,204880,109532.0,9,September,2025
ORD-00712,2025-11-05,France,Government,Paseo,Low,694,10,30.0,20820.0,416.4,20403.6,6940,13463.6,11,November,2025
ORD-00713,2025-10-10,Germany,Small Business,VTT,Low,1622,250,352.0,570944.0,11418.88,559525.12,405500,154025.12,10,October,2025
ORD-00714,2025-05-19,France,Enterprise,Carretera,Low,1096,3,24.0,26304.0,526.08,25777.92,3288,22489.92,5,May,2025
ORD-00715,2024-07-19,France,Government,Velo,None,788,120,180.0,141840.0,0.0,141840.0,94560,47280.0,7,July,2024
ORD-00716,2024-12-12,Canada,Enterprise,Carretera,High,624,3,24.0,14976.0,1497.6,13478.4,1872,11606.4,12,December,2024
ORD-00717,2025-11-19,United States,Government,Velo,Low,588,120,180.0,105840.0,2116.8,103723.2,70560,33163.2,11,November,2025
ORD-00718,2025-05-25,Canada,Small Business,Amarilla,None,485,260,385.0,186725.0,0.0,186725.0,126100,60625.0,5,May,2025
ORD-00719,2025-03-19,United States,Enterprise,VTT,Medium,1284,250,384.0,493056.0,24652.8,468403.2,321000,147403.2,3,March,2025
ORD-00720,2024-06-26,France,Government,Velo,Medium,453,120,180.0,81540.0,4077.0,77463.0,54360,23103.0,6,June,2024
ORD-00721,2025-09-12,Germany,Small Business,Velo,Low,370,120,198.0,73260.0,1465.2,71794.8,44400,27394.8,9,September,2025
ORD-00722,2024-09-11,Germany,Enterprise,Paseo,High,441,10,36.0,15876.0,1587.6,14288.4,4410,9878.4,9,September,2024
ORD-00723,2025-04-08,France,Midmarket,Velo,Medium,971,120,162.0,157302.0,7865.1,149436.9,116520,32916.9,4,April,2025
ORD-00724,2025-12-19,United States,Channel Partners,Amarilla,Medium,685,260,280.0,191800.0,9590.0,182210.0,178100,4110.0,12,December,2025
ORD-00725,2025-07-20,France,Midmarket,Montana,Medium,630,5,22.5,14175.0,708.75,13466.25,3150,10316.25,7,July,2025
ORD-00726,2025-11-19,France,Midmarket,VTT,Medium,1208,250,288.0,347904.0,17395.2,330508.8,302000,28508.8,11,November,2025
ORD-00727,2025-10-14,Germany,Government,Paseo,Medium,104,10,30.0,3120.0,156.0,2964.0,1040,1924.0,10,October,2025
ORD-00728,2025-12-28,Mexico,Small Business,Paseo,High,386,10,33.0,12738.0,1273.8,11464.2,3860,7604.2,12,December,2025
ORD-00729,2025-03-08,Canada,Small Business,Carretera,None,924,3,22.0,20328.0,0.0,20328.0,2772,17556.0,3,March,2025
ORD-00730,2024-07-23,Germany,Midmarket,Paseo,Medium,1137,10,27.0,30699.0,1534.95,29164.05,11370,17794.05,7,July,2024
ORD-00731,2024-05-29,Canada,Channel Partners,Montana,Medium,1177,5,20.0,23540.0,1177.0,22363.0,5885,16478.0,5,May,2024
ORD-00732,2024-04-14,United States,Small Business,Montana,Medium,956,5,27.5,26290.0,1314.5,24975.5,4780,20195.5,4,April,2024
ORD-00733,2025-07-28,Mexico,Midmarket,VTT,Medium,697,250,288.0,200736.0,10036.8,190699.2,174250,16449.2,7,July,2025
ORD-00734,2025-11-11,Canada,Enterprise,Velo,Low,551,120,216.0,119016.0,2380.32,116635.68,66120,50515.68,11,November,2025
ORD-00735,2025-12-02,Germany,Small Business,Carretera,None,940,3,22.0,20680.0,0.0,20680.0,2820,17860.0,12,December,2025
ORD-00736,2025-03-29,France,Channel Partners,VTT,Medium,1117,250,256.0,285952.0,14297.6,271654.4,279250,-7595.6,3,March,2025
ORD-00737,2025-09-09,France,Midmarket,Paseo,Low,817,10,27.0,22059.0,441.18,21617.82,8170,13447.82,9,September,2025
ORD-00738,2024-06-26,United States,Government,Velo,None,811,120,180.0,145980.0,0.0,145980.0,97320,48660.0,6,June,2024
ORD-00739,2024-10-12,United States,Channel Partners,Montana,None,1059,5,20.0,21180.0,0.0,21180.0,5295,15885.0,10,October,2024
ORD-00740,2025-04-22,France,Government,Montana,High,673,5,25.0,16825.0,1682.5,15142.5,3365,11777.5,4,April,2025
ORD-00741,2025-09-03,Canada,Small Business,Amarilla,Low,754,260,385.0,290290.0,5805.8,284484.2,196040,88444.2,9,September,2025
ORD-00742,2024-03-15,Germany,Small Business,Montana,High,359,5,27.5,9872.5,987.25,8885.25,1795,7090.25,3,March,2024
ORD-00743,2025-06-17,Canada,Small Business,Montana,Low,543,5,27.5,14932.5,298.65,14633.85,2715,11918.85,6,June,2025
ORD-00744,2024-08-14,France,Channel Partners,Paseo,Low,669,10,24.0,16056.0,321.12,15734.88,6690,9044.88,8,August,2024
ORD-00745,2024-08-11,United States,Small Business,Velo,High,1271,120,198.0,251658.0,25165.8,226492.2,152520,73972.2,8,August,2024
ORD-00746,2024-01-10,Canada,Channel Partners,Velo,Low,20,120,144.0,2880.0,57.6,2822.4,2400,422.4,1,January,2024
ORD-00747,2025-10-19,United States,Small Business,Montana,High,872,5,27.5,23980.0,2398.0,21582.0,4360,17222.0,10,October,2025
ORD-00748,2024-04-26,Mexico,Channel Partners,VTT,Medium,413,250,256.0,105728.0,5286.4,100441.6,103250,-2808.4,4,April,2024
ORD-00749,2024-01-26,United States,Channel Partners,VTT,Medium,617,250,256.0,157952.0,7897.6,150054.4,154250,-4195.6,1,January,2024
ORD-00750,2025-10-29,France,Channel Partners,VTT,None,912,250,256.0,233472.0,0.0,233472.0,228000,5472.0,10,October,2025
ORD-00751,2024-04-08,France,Small Business,VTT,None,1109,250,352.0,390368.0,0.0,390368.0,277250,113118.0,4,April,2024
ORD-00752,2024-08-06,Mexico,Government,Montana,Medium,790,5,25.0,19750.0,987.5,18762.5,3950,14812.5,8,August,2024
ORD-00753,2025-12-20,Mexico,Government,Amarilla,Medium,1317,260,350.0,460950.0,23047.5,437902.5,342420,95482.5,12,December,2025
ORD-00754,2024-02-08,Canada,Government,Carretera,None,622,3,20.0,12440.0,0.0,12440.0,1866,10574.0,2,February,2024
ORD-00755,2024-09-14,United States,Government,VTT,High,1133,250,320.0,362560.0,36256.0,326304.0,283250,43054.0,9,September,2024
ORD-00756,2025-04-06,Mexico,Enterprise,Paseo,None,483,10,36.0,17388.0,0.0,17388.0,4830,12558.0,4,April,2025
ORD-00757,2025-11-20,Canada,Small Business,Carretera,Medium,390,3,22.0,8580.0,429.0,8151.0,1170,6981.0,11,November,2025
ORD-00758,2025-08-22,Canada,Government,Paseo,High,340,10,30.0,10200.0,1020.0,9180.0,3400,5780.0,8,August,2025
ORD-00759,2024-04-18,Germany,Channel Partners,VTT,None,789,250,256.0,201984.0,0.0,201984.0,197250,4734.0,4,April,2024
ORD-00760,2025-02-08,Canada,Enterprise,Montana,Medium,306,5,30.0,9180.0,459.0,8721.0,1530,7191.0,2,February,2025
ORD-00761,2024-05-19,Mexico,Small Business,Paseo,High,880,10,33.0,29040.0,2904.0,26136.0,8800,17336.0,5,May,2024
ORD-00762,2025-10-25,Germany,Government,VTT,High,1424,250,320.0,455680.0,45568.0,410112.0,356000,54112.0,10,October,2025
ORD-00763,2024-05-24,Canada,Government,Carretera,Medium,382,3,20.0,7640.0,382.0,7258.0,1146,6112.0,5,May,2024
ORD-00764,2024-03-28,Germany,Midmarket,Amarilla,Medium,1007,260,315.0,317205.0,15860.25,301344.75,261820,39524.75,3,March,2024
ORD-00765,2024-12-18,France,Enterprise,Amarilla,High,1024,260,420.0,430080.0,43008.0,387072.0,266240,120832.0,12,December,2024
ORD-00766,2025-09-23,Germany,Midmarket,Carretera,None,917,3,18.0,16506.0,0.0,16506.0,2751,13755.0,9,September,2025
ORD-00767,2025-08-03,Canada,Small Business,Velo,Medium,1046,120,198.0,207108.0,10355.4,196752.6,125520,71232.6,8,August,2025
ORD-00768,2024-09-13,Canada,Midmarket,Amarilla,Medium,853,260,315.0,268695.0,13434.75,255260.25,221780,33480.25,9,September,2024
ORD-00769,2024-12-04,Germany,Midmarket,Amarilla,Medium,1400,260,315.0,441000.0,22050.0,418950.0,364000,54950.0,12,December,2024
ORD-00770,2024-07-17,Germany,Enterprise,Velo,Low,1020,120,216.0,220320.0,4406.4,215913.6,122400,93513.6,7,July,2024
ORD-00771,2025-11-06,Germany,Small Business,Montana,Medium,712,5,27.5,19580.0,979.0,18601.0,3560,15041.0,11,November,2025
ORD-00772,2025-03-14,France,Government,Paseo,Low,896,10,30.0,26880.0,537.6,26342.4,8960,17382.4,3,March,2025
ORD-00773,2024-08-14,Mexico,Channel Partners,Paseo,None,570,10,24.0,13680.0,0.0,13680.0,5700,7980.0,8,August,2024
ORD-00774,2025-04-18,Mexico,Channel Partners,Paseo,Low,79,10,24.0,1896.0,37.92,1858.08,790,1068.08,4,April,2025
ORD-00775,2024-04-21,France,Small Business,Carretera,High,803,3,22.0,17666.0,1766.6,15899.4,2409,13490.4,4,April,2024
ORD-00776,2025-07-05,France,Channel Partners,Amarilla,High,572,260,280.0,160160.0,16016.0,144144.0,148720,-4576.0,7,July,2025
ORD-00777,2024-03-19,Canada,Government,VTT,Medium,808,250,320.0,258560.0,12928.0,245632.0,202000,43632.0,3,March,2024
ORD-00778,2025-08-27,France,Government,VTT,Low,335,250,320.0,107200.0,2144.0,105056.0,83750,21306.0,8,August,2025
ORD-00779,2025-07-06,Mexico,Midmarket,Paseo,Low,909,10,27.0,24543.0,490.86,24052.14,9090,14962.14,7,July,2025
ORD-00780,2024-10-24,France,Enterprise,VTT,Low,559,250,384.0,214656.0,4293.12,210362.88,139750,70612.88,10,October,2024
ORD-00781,2025-02-10,Germany,Small Business,Carretera,Medium,930,3,22.0,20460.0,1023.0,19437.0,2790,16647.0,2,February,2025
ORD-00782,2025-09-20,France,Small Business,Montana,Low,256,5,27.5,7040.0,140.8,6899.2,1280,5619.2,9,September,2025
ORD-00783,2024-07-02,United States,Small Business,Amarilla,High,1174,260,385.0,451990.0,45199.0,406791.0,305240,101551.0,7,July,2024
ORD-00784,2025-01-02,Canada,Midmarket,Velo,Low,877,120,162.0,142074.0,2841.48,139232.52,105240,33992.52,1,January,2025
ORD-00785,2024-09-27,Germany,Midmarket,Carretera,Medium,185,3,18.0,3330.0,166.5,3163.5,555,2608.5,9,September,2024
ORD-00786,2025-02-01,Mexico,Enterprise,Carretera,None,489,3,24.0,11736.0,0.0,11736.0,1467,10269.0,2,February,2025
ORD-00787,2025-10-26,Germany,Government,Amarilla,High,728,260,350.0,254800.0,25480.0,229320.0,189280,40040.0,10,October,2025
ORD-00788,2024-09-26,United States,Small Business,VTT,None,615,250,352.0,216480.0,0.0,216480.0,153750,62730.0,9,September,2024
ORD-00789,2025-10-31,Mexico,Channel Partners,VTT,Medium,995,250,256.0,254720.0,12736.0,241984.0,248750,-6766.0,10,October,2025
ORD-00790,2025-01-20,France,Small Business,Velo,Low,330,120,198.0,65340.0,1306.8,64033.2,39600,24433.2,1,January,2025
ORD-00791,2024-12-19,Mexico,Enterprise,VTT,None,1055,250,384.0,405120.0,0.0,405120.0,263750,141370.0,12,December,2024
ORD-00792,2024-08-23,Canada,Small Business,Amarilla,Low,457,260,385.0,175945.0,3518.9,172426.1,118820,53606.1,8,August,2024
ORD-00793,2024-06-02,France,Midmarket,Paseo,Medium,880,10,27.0,23760.0,1188.0,22572.0,8800,13772.0,6,June,2024
ORD-00794,2025-02-28,Germany,Government,Velo,Medium,272,120,180.0,48960.0,2448.0,46512.0,32640,13872.0,2,February,2025
ORD-00795,2025-05-05,France,Small Business,Montana,Medium,510,5,27.5,14025.0,701.25,13323.75,2550,10773.75,5,May,2025
ORD-00796,2024-05-10,United States,Small Business,Montana,None,966,5,27.5,26565.0,0.0,26565.0,4830,21735.0,5,May,2024
ORD-00797,2025-06-08,Canada,Small Business,Montana,None,655,5,27.5,18012.5,0.0,18012.5,3275,14737.5,6,June,2025
ORD-00798,2025-02-19,United States,Small Business,Amarilla,None,891,260,385.0,343035.0,0.0,343035.0,231660,111375.0,2,February,2025
ORD-00799,2025-11-08,Germany,Government,Montana,Low,1758,5,25.0,43950.0,879.0,43071.0,8790,34281.0,11,November,2025
ORD-00800,2024-06-23,France,Enterprise,VTT,None,672,250,384.0,258048.0,0.0,258048.0,168000,90048.0,6,June,2024
ORD-00801,2025-08-19,France,Small Business,Amarilla,Low,925,260,385.0,356125.0,7122.5,349002.5,240500,108502.5,8,August,2025
ORD-00802,2025-04-09,United States,Small Business,Carretera,Low,1294,3,22.0,28468.0,569.36,27898.64,3882,24016.64,4,April,2025
ORD-00803,2025-01-29,France,Government,Carretera,None,786,3,20.0,15720.0,0.0,15720.0,2358,13362.0,1,January,2025
ORD-00804,2025-03-05,France,Small Business,Carretera,None,425,3,22.0,9350.0,0.0,9350.0,1275,8075.0,3,March,2025
ORD-00805,2025-09-21,United States,Government,VTT,Low,1126,250,320.0,360320.0,7206.4,353113.6,281500,71613.6,9,September,2025
ORD-00806,2024-05-13,United States,Small Business,Carretera,High,1099,3,22.0,24178.0,2417.8,21760.2,3297,18463.2,5,May,2024
ORD-00807,2025-11-25,Mexico,Small Business,Velo,Low,1186,120,198.0,234828.0,4696.56,230131.44,142320,87811.44,11,November,2025
ORD-00808,2024-08-22,Mexico,Enterprise,Paseo,Medium,719,10,36.0,25884.0,1294.2,24589.8,7190,17399.8,8,August,2024
ORD-00809,2025-12-14,United States,Government,Velo,None,713,120,180.0,128340.0,0.0,128340.0,85560,42780.0,12,December,2025
ORD-00810,2024-03-26,Germany,Small Business,VTT,Low,789,250,352.0,277728.0,5554.56,272173.44,197250,74923.44,3,March,2024
ORD-00811,2024-07-12,Canada,Government,VTT,Medium,390,250,320.0,124800.0,6240.0,118560.0,97500,21060.0,7,July,2024
ORD-00812,2024-07-29,Germany,Enterprise,Paseo,None,717,10,36.0,25812.0,0.0,25812.0,7170,18642.0,7,July,2024
ORD-00813,2025-03-12,United States,Channel Partners,Paseo,High,526,10,24.0,12624.0,1262.4,11361.6,5260,6101.6,3,March,2025
ORD-00814,2024-10-09,Mexico,Midmarket,Velo,Medium,936,120,162.0,151632.0,7581.6,144050.4,112320,31730.4,10,October,2024
ORD-00815,2025-07-24,Mexico,Midmarket,Paseo,Medium,20,10,27.0,540.0,27.0,513.0,200,313.0,7,July,2025
ORD-00816,2025-08-14,Germany,Enterprise,Amarilla,None,854,260,420.0,358680.0,0.0,358680.0,222040,136640.0,8,August,2025
ORD-00817,2025-11-06,Canada,Midmarket,Velo,Medium,986,120,162.0,159732.0,7986.6,151745.4,118320,33425.4,11,November,2025
ORD-00818,2025-06-04,Mexico,Channel Partners,VTT,Medium,591,250,256.0,151296.0,7564.8,143731.2,147750,-4018.8,6,June,2025
ORD-00819,2025-12-01,Canada,Midmarket,Velo,High,986,120,162.0,159732.0,15973.2,143758.8,118320,25438.8,12,December,2025
ORD-00820,2024-05-28,Mexico,Small Business,Velo,None,633,120,198.0,125334.0,0.0,125334.0,75960,49374.0,5,May,2024
ORD-00821,2024-09-26,France,Channel Partners,Carretera,Medium,589,3,16.0,9424.0,471.2,8952.8,1767,7185.8,9,September,2024
ORD-00822,2025-02-14,United States,Small Business,Paseo,Medium,20,10,33.0,660.0,33.0,627.0,200,427.0,2,February,2025
ORD-00823,2025-09-03,Canada,Midmarket,Amarilla,Low,1219,260,315.0,383985.0,7679.7,376305.3,316940,59365.3,9,September,2025
ORD-00824,2025-06-14,Germany,Midmarket,Carretera,Medium,798,3,18.0,14364.0,718.2,13645.8,2394,11251.8,6,June,2025
ORD-00825,2025-06-06,United States,Midmarket,VTT,None,1081,250,288.0,311328.0,0.0,311328.0,270250,41078.0,6,June,2025
ORD-00826,2024-01-01,France,Government,Paseo,Medium,637,10,30.0,19110.0,955.5,18154.5,6370,11784.5,1,January,2024
ORD-00827,2024-12-27,Mexico,Enterprise,VTT,None,1311,250,384.0,503424.0,0.0,503424.0,327750,175674.0,12,December,2024
ORD-00828,2024-04-02,United States,Channel Partners,Amarilla,High,879,260,280.0,246120.0,24612.0,221508.0,228540,-7032.0,4,April,2024
ORD-00829,2025-08-19,Germany,Channel Partners,Paseo,Low,1103,10,24.0,26472.0,529.44,25942.56,11030,14912.56,8,August,2025
ORD-00830,2025-02-17,United States,Government,Paseo,None,625,10,30.0,18750.0,0.0,18750.0,6250,12500.0,2,February,2025
ORD-00831,2025-06-02,Canada,Small Business,Carretera,Low,588,3,22.0,12936.0,258.72,12677.28,1764,10913.28,6,June,2025
ORD-00832,2025-06-09,Germany,Small Business,VTT,Low,892,250,352.0,313984.0,6279.68,307704.32,223000,84704.32,6,June,2025
ORD-00833,2025-03-29,Mexico,Small Business,Velo,Medium,662,120,198.0,131076.0,6553.8,124522.2,79440,45082.2,3,March,2025
ORD-00834,2025-04-14,Mexico,Small Business,Carretera,Low,20,3,22.0,440.0,8.8,431.2,60,371.2,4,April,2025
ORD-00835,2024-09-21,Canada,Enterprise,Amarilla,Medium,746,260,420.0,313320.0,15666.0,297654.0,193960,103694.0,9,September,2024
ORD-00836,2024-11-19,Mexico,Channel Partners,VTT,Medium,1303,250,256.0,333568.0,16678.4,316889.6,325750,-8860.4,11,November,2024
ORD-00837,2025-12-18,Germany,Midmarket,Paseo,None,598,10,27.0,16146.0,0.0,16146.0,5980,10166.0,12,December,2025
ORD-00838,2024-03-18,United States,Midmarket,Velo,Low,243,120,162.0,39366.0,787.32,38578.68,29160,9418.68,3,March,2024
ORD-00839,2024-08-11,United States,Channel Partners,Montana,High,509,5,20.0,10180.0,1018.0,9162.0,2545,6617.0,8,August,2024
ORD-00840,2025-05-25,France,Midmarket,Amarilla,Low,99,260,315.0,31185.0,623.7,30561.3,25740,4821.3,5,May,2025
ORD-00841,2024-09-28,France,Midmarket,Montana,High,845,5,22.5,19012.5,1901.25,17111.25,4225,12886.25,9,September,2024
ORD-00842,2024-04-19,Canada,Government,Amarilla,High,436,260,350.0,152600.0,15260.0,137340.0,113360,23980.0,4,April,2024
ORD-00843,2025-05-19,United States,Government,VTT,High,1022,250,320.0,327040.0,32704.0,294336.0,255500,38836.0,5,May,2025
ORD-00844,2024-11-18,Mexico,Small Business,Paseo,Low,522,10,33.0,17226.0,344.52,16881.48,5220,11661.48,11,November,2024
ORD-00845,2025-06-07,Germany,Enterprise,Montana,Medium,1030,5,30.0,30900.0,1545.0,29355.0,5150,24205.0,6,June,2025
ORD-00846,2025-03-09,Mexico,Small Business,Carretera,Low,867,3,22.0,19074.0,381.48,18692.52,2601,16091.52,3,March,2025
ORD-00847,2025-02-07,France,Enterprise,Carretera,Medium,217,3,24.0,5208.0,260.4,4947.6,651,4296.6,2,February,2025
ORD-00848,2024-01-13,France,Enterprise,VTT,None,691,250,384.0,265344.0,0.0,265344.0,172750,92594.0,1,January,2024
ORD-00849,2025-01-05,United States,Channel Partners,Montana,Medium,729,5,20.0,14580.0,729.0,13851.0,3645,10206.0,1,January,2025
ORD-00850,2025-09-19,Germany,Channel Partners,Montana,Low,1120,5,20.0,22400.0,448.0,21952.0,5600,16352.0,9,September,2025
ORD-00851,2024-08-03,Mexico,Channel Partners,Paseo,High,598,10,24.0,14352.0,1435.2,12916.8,5980,6936.8,8,August,2024
ORD-00852,2024-05-14,United States,Midmarket,Carretera,Medium,1045,3,18.0,18810.0,940.5,17869.5,3135,14734.5,5,May,2024
ORD-00853,2024-08-29,United States,Enterprise,Velo,None,1005,120,216.0,217080.0,0.0,217080.0,120600,96480.0,8,August,2024
ORD-00854,2025-04-29,Canada,Midmarket,Velo,Low,221,120,162.0,35802.0,716.04,35085.96,26520,8565.96,4,April,2025
ORD-00855,2025-10-07,United States,Small Business,Amarilla,Low,697,260,385.0,268345.0,5366.9,262978.1,181220,81758.1,10,October,2025
ORD-00856,2025-08-04,Canada,Enterprise,Carretera,Medium,683,3,24.0,16392.0,819.6,15572.4,2049,13523.4,8,August,2025
ORD-00857,2024-03-02,France,Channel Partners,Velo,High,1107,120,144.0,159408.0,15940.8,143467.2,132840,10627.2,3,March,2024
ORD-00858,2024-09-23,Germany,Channel Partners,VTT,Medium,1060,250,256.0,271360.0,13568.0,257792.0,265000,-7208.0,9,September,2024
ORD-00859,2024-09-20,Germany,Government,Velo,None,1315,120,180.0,236700.0,0.0,236700.0,157800,78900.0,9,September,2024
ORD-00860,2024-07-22,United States,Small Business,Amarilla,Medium,152,260,385.0,58520.0,2926.0,55594.0,39520,16074.0,7,July,2024
ORD-00861,2024-06-27,Germany,Channel Partners,Paseo,Medium,228,10,24.0,5472.0,273.6,5198.4,2280,2918.4,6,June,2024
ORD-00862,2024-03-21,Mexico,Small Business,Paseo,Low,664,10,33.0,21912.0,438.24,21473.76,6640,14833.76,3,March,2024
ORD-00863,2024-05-28,France,Channel Partners,Velo,Medium,174,120,144.0,25056.0,1252.8,23803.2,20880,2923.2,5,May,2024
ORD-00864,2024-03-14,Canada,Midmarket,Paseo,Low,423,10,27.0,11421.0,228.42,11192.58,4230,6962.58,3,March,2024
ORD-00865,2024-11-20,Germany,Channel Partners,VTT,Medium,886,250,256.0,226816.0,11340.8,215475.2,221500,-6024.8,11,November,2024
ORD-00866,2025-01-06,United States,Small Business,Velo,Low,1025,120,198.0,202950.0,4059.0,198891.0,123000,75891.0,1,January,2025
ORD-00867,2024-07-07,Canada,Midmarket,Amarilla,Low,660,260,315.0,207900.0,4158.0,203742.0,171600,32142.0,7,July,2024
ORD-00868,2024-03-22,France,Midmarket,Velo,None,1195,120,162.0,193590.0,0.0,193590.0,143400,50190.0,3,March,2024
ORD-00869,2024-03-06,Mexico,Small Business,Carretera,None,263,3,22.0,5786.0,0.0,5786.0,789,4997.0,3,March,2024
ORD-00870,2024-03-26,Canada,Channel Partners,VTT,None,957,250,256.0,244992.0,0.0,244992.0,239250,5742.0,3,March,2024
ORD-00871,2025-11-01,Mexico,Channel Partners,Montana,Low,686,5,20.0,13720.0,274.4,13445.6,3430,10015.6,11,November,2025
ORD-00872,2024-05-14,United States,Midmarket,Carretera,None,1311,3,18.0,23598.0,0.0,23598.0,3933,19665.0,5,May,2024
ORD-00873,2024-12-31,Germany,Enterprise,Velo,High,632,120,216.0,136512.0,13651.2,122860.8,75840,47020.8,12,December,2024
ORD-00874,2025-03-31,France,Small Business,Montana,Medium,639,5,27.5,17572.5,878.62,16693.88,3195,13498.88,3,March,2025
ORD-00875,2025-04-12,United States,Enterprise,VTT,Medium,68,250,384.0,26112.0,1305.6,24806.4,17000,7806.4,4,April,2025
ORD-00876,2025-05-08,United States,Midmarket,Carretera,Low,662,3,18.0,11916.0,238.32,11677.68,1986,9691.68,5,May,2025
ORD-00877,2025-01-09,Mexico,Channel Partners,Montana,Low,957,5,20.0,19140.0,382.8,18757.2,4785,13972.2,1,January,2025
ORD-00878,2024-05-19,Germany,Channel Partners,Velo,Medium,756,120,144.0,108864.0,5443.2,103420.8,90720,12700.8,5,May,2024
ORD-00879,2025-12-05,Mexico,Enterprise,Paseo,None,532,10,36.0,19152.0,0.0,19152.0,5320,13832.0,12,December,2025
ORD-00880,2024-08-24,Canada,Small Business,Paseo,None,765,10,33.0,25245.0,0.0,25245.0,7650,17595.0,8,August,2024
ORD-00881,2025-07-28,Mexico,Enterprise,Montana,None,608,5,30.0,18240.0,0.0,18240.0,3040,15200.0,7,July,2025
ORD-00882,2025-01-22,France,Channel Partners,Carretera,Low,342,3,16.0,5472.0,109.44,5362.56,1026,4336.56,1,January,2025
ORD-00883,2024-09-02,United States,Small Business,Amarilla,Medium,699,260,385.0,269115.0,13455.75,255659.25,181740,73919.25,9,September,2024
ORD-00884,2024-10-02,Mexico,Midmarket,Carretera,None,1330,3,18.0,23940.0,0.0,23940.0,3990,19950.0,10,October,2024
ORD-00885,2024-10-23,Canada,Enterprise,VTT,Low,704,250,384.0,270336.0,5406.72,264929.28,176000,88929.28,10,October,2024
ORD-00886,2024-11-24,Canada,Midmarket,Carretera,High,436,3,18.0,7848.0,784.8,7063.2,1308,5755.2,11,November,2024
ORD-00887,2024-01-23,France,Government,Paseo,Low,505,10,30.0,15150.0,303.0,14847.0,5050,9797.0,1,January,2024
ORD-00888,2024-08-26,Canada,Midmarket,Carretera,Low,216,3,18.0,3888.0,77.76,3810.24,648,3162.24,8,August,2024
ORD-00889,2024-12-16,Mexico,Channel Partners,Velo,High,205,120,144.0,29520.0,2952.0,26568.0,24600,1968.0,12,December,2024
ORD-00890,2024-12-04,Canada,Midmarket,Carretera,Low,973,3,18.0,17514.0,350.28,17163.72,2919,14244.72,12,December,2024
ORD-00891,2025-02-05,Canada,Small Business,Velo,None,710,120,198.0,140580.0,0.0,140580.0,85200,55380.0,2,February,2025
ORD-00892,2025-01-25,Canada,Government,Amarilla,Low,453,260,350.0,158550.0,3171.0,155379.0,117780,37599.0,1,January,2025
ORD-00893,2025-03-29,France,Government,Montana,Low,747,5,25.0,18675.0,373.5,18301.5,3735,14566.5,3,March,2025
ORD-00894,2024-08-01,Mexico,Enterprise,Amarilla,High,305,260,420.0,128100.0,12810.0,115290.0,79300,35990.0,8,August,2024
ORD-00895,2024-11-26,France,Government,Amarilla,High,590,260,350.0,206500.0,20650.0,185850.0,153400,32450.0,11,November,2024
ORD-00896,2025-10-15,Germany,Midmarket,Paseo,High,904,10,27.0,24408.0,2440.8,21967.2,9040,12927.2,10,October,2025
ORD-00897,2025-11-13,France,Government,Montana,Medium,772,5,25.0,19300.0,965.0,18335.0,3860,14475.0,11,November,2025
ORD-00898,2024-10-09,United States,Government,Velo,Medium,1271,120,180.0,228780.0,11439.0,217341.0,152520,64821.0,10,October,2024
ORD-00899,2024-01-10,Canada,Small Business,Amarilla,Low,373,260,385.0,143605.0,2872.1,140732.9,96980,43752.9,1,January,2024
ORD-00900,2024-04-01,France,Midmarket,Velo,None,535,120,162.0,86670.0,0.0,86670.0,64200,22470.0,4,April,2024
ORD-00901,2025-09-25,Germany,Government,Carretera,Low,984,3,20.0,19680.0,393.6,19286.4,2952,16334.4,9,September,2025
ORD-00902,2024-04-19,France,Enterprise,Montana,Low,1006,5,30.0,30180.0,603.6,29576.4,5030,24546.4,4,April,2024
ORD-00903,2025-07-25,Germany,Enterprise,Amarilla,None,642,260,420.0,269640.0,0.0,269640.0,166920,102720.0,7,July,2025
ORD-00904,2024-05-17,Germany,Government,Velo,Medium,472,120,180.0,84960.0,4248.0,80712.0,56640,24072.0,5,May,2024
ORD-00905,2025-07-26,Germany,Small Business,Amarilla,Low,385,260,385.0,148225.0,2964.5,145260.5,100100,45160.5,7,July,2025
ORD-00906,2024-11-27,Mexico,Channel Partners,VTT,High,615,250,256.0,157440.0,15744.0,141696.0,153750,-12054.0,11,November,2024
ORD-00907,2025-07-21,France,Government,VTT,None,633,250,320.0,202560.0,0.0,202560.0,158250,44310.0,7,July,2025
ORD-00908,2025-01-10,Mexico,Government,Amarilla,Low,707,260,350.0,247450.0,4949.0,242501.0,183820,58681.0,1,January,2025
ORD-00909,2024-07-08,Canada,Small Business,Paseo,Medium,697,10,33.0,23001.0,1150.05,21850.95,6970,14880.95,7,July,2024
ORD-00910,2025-11-05,United States,Enterprise,Montana,Medium,1737,5,30.0,52110.0,2605.5,49504.5,8685,40819.5,11,November,2025
ORD-00911,2025-05-24,United States,Midmarket,VTT,Low,562,250,288.0,161856.0,3237.12,158618.88,140500,18118.88,5,May,2025
ORD-00912,2024-04-08,United States,Government,Carretera,High,993,3,20.0,19860.0,1986.0,17874.0,2979,14895.0,4,April,2024
ORD-00913,2024-05-12,France,Government,Montana,None,727,5,25.0,18175.0,0.0,18175.0,3635,14540.0,5,May,2024
ORD-00914,2025-10-19,Mexico,Enterprise,VTT,Medium,867,250,384.0,332928.0,16646.4,316281.6,216750,99531.6,10,October,2025
ORD-00915,2025-08-27,Germany,Government,Paseo,Low,745,10,30.0,22350.0,447.0,21903.0,7450,14453.0,8,August,2025
ORD-00916,2024-08-01,Mexico,Government,Velo,Medium,587,120,180.0,105660.0,5283.0,100377.0,70440,29937.0,8,August,2024
ORD-00917,2024-03-03,Germany,Small Business,Amarilla,High,487,260,385.0,187495.0,18749.5,168745.5,126620,42125.5,3,March,2024
ORD-00918,2025-12-26,Canada,Small Business,Paseo,Medium,1003,10,33.0,33099.0,1654.95,31444.05,10030,21414.05,12,December,2025
ORD-00919,2024-03-13,Germany,Government,Montana,High,1182,5,25.0,29550.0,2955.0,26595.0,5910,20685.0,3,March,2024
ORD-00920,2025-06-28,Mexico,Midmarket,Montana,Medium,878,5,22.5,19755.0,987.75,18767.25,4390,14377.25,6,June,2025
ORD-00921,2024-09-11,United States,Midmarket,VTT,Medium,682,250,288.0,196416.0,9820.8,186595.2,170500,16095.2,9,September,2024
ORD-00922,2025-10-15,United States,Channel Partners,Amarilla,Low,1138,260,280.0,318640.0,6372.8,312267.2,295880,16387.2,10,October,2025
ORD-00923,2025-11-12,Mexico,Government,Montana,Medium,406,5,25.0,10150.0,507.5,9642.5,2030,7612.5,11,November,2025
ORD-00924,2025-11-04,France,Small Business,VTT,Low,737,250,352.0,259424.0,5188.48,254235.52,184250,69985.52,11,November,2025
ORD-00925,2024-12-26,Germany,Small Business,Paseo,High,456,10,33.0,15048.0,1504.8,13543.2,4560,8983.2,12,December,2024
ORD-00926,2024-11-27,United States,Midmarket,VTT,Medium,1360,250,288.0,391680.0,19584.0,372096.0,340000,32096.0,11,November,2024
ORD-00927,2025-01-19,United States,Channel Partners,Paseo,High,415,10,24.0,9960.0,996.0,8964.0,4150,4814.0,1,January,2025
ORD-00928,2024-02-05,Germany,Small Business,Carretera,Low,732,3,22.0,16104.0,322.08,15781.92,2196,13585.92,2,February,2024
ORD-00929,2024-11-05,Canada,Channel Partners,Montana,None,588,5,20.0,11760.0,0.0,11760.0,2940,8820.0,11,November,2024
ORD-00930,2025-12-07,Germany,Small Business,VTT,Medium,1583,250,352.0,557216.0,27860.8,529355.2,395750,133605.2,12,December,2025
ORD-00931,2025-08-08,France,Government,Carretera,Low,830,3,20.0,16600.0,332.0,16268.0,2490,13778.0,8,August,2025
ORD-00932,2025-08-19,France,Midmarket,Paseo,Medium,895,10,27.0,24165.0,1208.25,22956.75,8950,14006.75,8,August,2025
ORD-00933,2024-04-04,United States,Enterprise,VTT,High,769,250,384.0,295296.0,29529.6,265766.4,192250,73516.4,4,April,2024
ORD-00934,2025-05-09,France,Enterprise,Amarilla,Medium,221,260,420.0,92820.0,4641.0,88179.0,57460,30719.0,5,May,2025
ORD-00935,2024-04-07,United States,Channel Partners,Carretera,Medium,699,3,16.0,11184.0,559.2,10624.8,2097,8527.8,4,April,2024
ORD-00936,2024-02-27,Germany,Channel Partners,Velo,Low,591,120,144.0,85104.0,1702.08,83401.92,70920,12481.92,2,February,2024
ORD-00937,2024-05-03,France,Small Business,Carretera,Medium,632,3,22.0,13904.0,695.2,13208.8,1896,11312.8,5,May,2024
ORD-00938,2025-06-20,Canada,Channel Partners,VTT,Medium,594,250,256.0,152064.0,7603.2,144460.8,148500,-4039.2,6,June,2025
ORD-00939,2024-11-30,United States,Midmarket,Montana,None,981,5,22.5,22072.5,0.0,22072.5,4905,17167.5,11,November,2024
ORD-00940,2025-04-01,United States,Small Business,VTT,None,474,250,352.0,166848.0,0.0,166848.0,118500,48348.0,4,April,2025
ORD-00941,2025-03-18,Germany,Enterprise,Montana,None,1122,5,30.0,33660.0,0.0,33660.0,5610,28050.0,3,March,2025
ORD-00942,2024-02-20,United States,Enterprise,Paseo,None,896,10,36.0,32256.0,0.0,32256.0,8960,23296.0,2,February,2024
ORD-00943,2025-05-28,Mexico,Midmarket,Montana,Low,716,5,22.5,16110.0,322.2,15787.8,3580,12207.8,5,May,2025
ORD-00944,2025-08-08,France,Small Business,VTT,High,985,250,352.0,346720.0,34672.0,312048.0,246250,65798.0,8,August,2025
ORD-00945,2025-06-20,France,Midmarket,Carretera,Low,287,3,18.0,5166.0,103.32,5062.68,861,4201.68,6,June,2025
ORD-00946,2025-08-12,Canada,Government,Amarilla,Low,849,260,350.0,297150.0,5943.0,291207.0,220740,70467.0,8,August,2025
ORD-00947,2025-01-09,Germany,Midmarket,Paseo,Low,378,10,27.0,10206.0,204.12,10001.88,3780,6221.88,1,January,2025
ORD-00948,2024-06-22,Germany,Small Business,Velo,Medium,295,120,198.0,58410.0,2920.5,55489.5,35400,20089.5,6,June,2024
ORD-00949,2025-03-27,Canada,Midmarket,Montana,Medium,921,5,22.5,20722.5,1036.12,19686.38,4605,15081.38,3,March,2025
ORD-00950,2024-03-28,Canada,Government,Montana,High,1047,5,25.0,26175.0,2617.5,23557.5,5235,18322.5,3,March,2024
ORD-00951,2024-05-31,Germany,Government,Paseo,Medium,1027,10,30.0,30810.0,1540.5,29269.5,10270,18999.5,5,May,2024
ORD-00952,2024-01-24,Germany,Midmarket,Amarilla,Medium,836,260,315.0,263340.0,13167.0,250173.0,217360,32813.0,1,January,2024
ORD-00953,2024-07-27,United States,Small Business,Paseo,Medium,35,10,33.0,1155.0,57.75,1097.25,350,747.25,7,July,2024
ORD-00954,2025-12-12,Canada,Enterprise,VTT,High,55,250,384.0,21120.0,2112.0,19008.0,13750,5258.0,12,December,2025
ORD-00955,2025-06-23,Canada,Channel Partners,Montana,None,799,5,20.0,15980.0,0.0,15980.0,3995,11985.0,6,June,2025
ORD-00956,2024-10-04,Canada,Enterprise,Amarilla,High,1355,260,420.0,569100.0,56910.0,512190.0,352300,159890.0,10,October,2024
ORD-00957,2024-03-09,Mexico,Channel Partners,Amarilla,High,341,260,280.0,95480.0,9548.0,85932.0,88660,-2728.0,3,March,2024
ORD-00958,2024-01-20,Germany,Enterprise,Montana,High,177,5,30.0,5310.0,531.0,4779.0,885,3894.0,1,January,2024
ORD-00959,2025-06-04,Canada,Channel Partners,Velo,High,485,120,144.0,69840.0,6984.0,62856.0,58200,4656.0,6,June,2025
ORD-00960,2025-05-27,Mexico,Small Business,Amarilla,None,595,260,385.0,229075.0,0.0,229075.0,154700,74375.0,5,May,2025
ORD-00961,2024-09-10,United States,Channel Partners,Paseo,Low,823,10,24.0,19752.0,395.04,19356.96,8230,11126.96,9,September,2024
ORD-00962,2025-12-01,Germany,Channel Partners,Amarilla,Low,867,260,280.0,242760.0,4855.2,237904.8,225420,12484.8,12,December,2025
ORD-00963,2025-05-28,Germany,Government,Amarilla,Low,20,260,350.0,7000.0,140.0,6860.0,5200,1660.0,5,May,2025
ORD-00964,2024-01-31,United States,Channel Partners,Montana,None,1575,5,20.0,31500.0,0.0,31500.0,7875,23625.0,1,January,2024
ORD-00965,2025-02-06,France,Government,Amarilla,Low,935,260,350.0,327250.0,6545.0,320705.0,243100,77605.0,2,February,2025
ORD-00966,2025-10-02,France,Enterprise,Montana,Medium,748,5,30.0,22440.0,1122.0,21318.0,3740,17578.0,10,October,2025
ORD-00967,2025-03-12,Germany,Small Business,Paseo,Low,1074,10,33.0,35442.0,708.84,34733.16,10740,23993.16,3,March,2025
ORD-00968,2025-08-17,United States,Midmarket,Montana,Low,1205,5,22.5,27112.5,542.25,26570.25,6025,20545.25,8,August,2025
ORD-00969,2025-12-23,United States,Midmarket,Velo,High,1277,120,162.0,206874.0,20687.4,186186.6,153240,32946.6,12,December,2025
ORD-00970,2025-08-01,France,Channel Partners,Carretera,Medium,674,3,16.0,10784.0,539.2,10244.8,2022,8222.8,8,August,2025
ORD-00971,2024-05-01,France,Channel Partners,Montana,Medium,759,5,20.0,15180.0,759.0,14421.0,3795,10626.0,5,May,2024
ORD-00972,2025-02-27,Mexico,Channel Partners,Velo,Medium,64,120,144.0,9216.0,460.8,8755.2,7680,1075.2,2,February,2025
ORD-00973,2025-10-14,Germany,Midmarket,Montana,None,1218,5,22.5,27405.0,0.0,27405.0,6090,21315.0,10,October,2025
ORD-00974,2025-09-18,United States,Channel Partners,VTT,Medium,1376,250,256.0,352256.0,17612.8,334643.2,344000,-9356.8,9,September,2025
ORD-00975,2024-08-24,United States,Midmarket,Montana,Medium,483,5,22.5,10867.5,543.38,10324.12,2415,7909.12,8,August,2024
ORD-00976,2025-05-03,France,Small Business,VTT,Low,1054,250,352.0,371008.0,7420.16,363587.84,263500,100087.84,5,May,2025
ORD-00977,2025-10-27,Germany,Midmarket,Velo,Low,1117,120,162.0,180954.0,3619.08,177334.92,134040,43294.92,10,October,2025
ORD-00978,2024-02-03,Mexico,Government,Paseo,High,649,10,30.0,19470.0,1947.0,17523.0,6490,11033.0,2,February,2024
ORD-00979,2024-08-15,France,Midmarket,Carretera,None,1009,3,18.0,18162.0,0.0,18162.0,3027,15135.0,8,August,2024
ORD-00980,2025-09-23,Mexico,Channel Partners,Velo,High,548,120,144.0,78912.0,7891.2,71020.8,65760,5260.8,9,September,2025
ORD-00981,2025-03-13,Mexico,Government,VTT,Medium,459,250,320.0,146880.0,7344.0,139536.0,114750,24786.0,3,March,2025
ORD-00982,2025-09-18,United States,Small Business,VTT,Medium,1035,250,352.0,364320.0,18216.0,346104.0,258750,87354.0,9,September,2025
ORD-00983,2025-12-22,Canada,Small Business,Carretera,Low,880,3,22.0,19360.0,387.2,18972.8,2640,16332.8,12,December,2025
ORD-00984,2024-09-08,United States,Small Business,Velo,High,733,120,198.0,145134.0,14513.4,130620.6,87960,42660.6,9,September,2024
ORD-00985,2024-02-10,United States,Enterprise,VTT,Medium,891,250,384.0,342144.0,17107.2,325036.8,222750,102286.8,2,February,2024
ORD-00986,2025-03-26,Mexico,Channel Partners,Paseo,Low,589,10,24.0,14136.0,282.72,13853.28,5890,7963.28,3,March,2025
ORD-00987,2025-03-08,Germany,Small Business,Carretera,Medium,1053,3,22.0,23166.0,1158.3,22007.7,3159,18848.7,3,March,2025
ORD-00988,2025-10-23,Mexico,Government,Amarilla,Low,573,260,350.0,200550.0,4011.0,196539.0,148980,47559.0,10,October,2025
ORD-00989,2024-07-03,United States,Small Business,Montana,Low,790,5,27.5,21725.0,434.5,21290.5,3950,17340.5,7,July,2024
ORD-00990,2025-04-09,United States,Midmarket,Velo,None,897,120,162.0,145314.0,0.0,145314.0,107640,37674.0,4,April,2025
ORD-00991,2024-11-27,France,Government,Carretera,None,536,3,20.0,10720.0,0.0,10720.0,1608,9112.0,11,November,2024
ORD-00992,2025-06-20,Mexico,Small Business,VTT,High,710,250,352.0,249920.0,24992.0,224928.0,177500,47428.0,6,June,2025
ORD-00993,2025-01-22,United States,Enterprise,Carretera,Medium,1033,3,24.0,24792.0,1239.6,23552.4,3099,20453.4,1,January,2025
ORD-00994,2025-11-06,France,Midmarket,Montana,None,621,5,22.5,13972.5,0.0,13972.5,3105,10867.5,11,November,2025
ORD-00995,2025-12-30,Canada,Enterprise,Paseo,Low,876,10,36.0,31536.0,630.72,30905.28,8760,22145.28,12,December,2025
ORD-00996,2025-10-03,France,Government,Montana,High,470,5,25.0,11750.0,1175.0,10575.0,2350,8225.0,10,October,2025
ORD-00997,2024-01-04,United States,Channel Partners,Carretera,Low,933,3,16.0,14928.0,298.56,14629.44,2799,11830.44,1,January,2024
ORD-00998,2024-01-06,United States,Enterprise,Montana,None,404,5,30.0,12120.0,0.0,12120.0,2020,10100.0,1,January,2024
ORD-00999,2025-11-06,Mexico,Enterprise,Velo,Low,756,120,216.0,163296.0,3265.92,160030.08,90720,69310.08,11,November,2025
ORD-01000,2025-07-14,Germany,Small Business,Amarilla,Medium,733,260,385.0,282205.0,14110.25,268094.75,190580,77514.75,7,July,2025
ORD-01001,2024-07-31,Canada,Midmarket,Montana,None,571,5,22.5,12847.5,0.0,12847.5,2855,9992.5,7,July,2024
ORD-01002,2024-02-03,United States,Small Business,Paseo,Low,839,10,33.0,27687.0,553.74,27133.26,8390,18743.26,2,February,2024
ORD-01003,2024-03-30,Canada,Government,Velo,High,788,120,180.0,141840.0,14184.0,127656.0,94560,33096.0,3,March,2024
ORD-01004,2025-11-07,United States,Small Business,VTT,None,1339,250,352.0,471328.0,0.0,471328.0,334750,136578.0,11,November,2025
ORD-01005,2025-04-11,United States,Channel Partners,Carretera,None,722,3,16.0,11552.0,0.0,11552.0,2166,9386.0,4,April,2025
ORD-01006,2025-01-23,Canada,Enterprise,VTT,None,786,250,384.0,301824.0,0.0,301824.0,196500,105324.0,1,January,2025
ORD-01007,2025-04-27,France,Government,Amarilla,High,551,260,350.0,192850.0,19285.0,173565.0,143260,30305.0,4,April,2025
ORD-01008,2024-08-02,France,Small Business,Carretera,None,972,3,22.0,21384.0,0.0,21384.0,2916,18468.0,8,August,2024
ORD-01009,2025-10-06,United States,Government,Velo,Medium,415,120,180.0,74700.0,3735.0,70965.0,49800,21165.0,10,October,2025
ORD-01010,2025-12-24,Germany,Enterprise,VTT,High,508,250,384.0,195072.0,19507.2,175564.8,127000,48564.8,12,December,2025
ORD-01011,2024-09-22,United States,Small Business,VTT,Low,1138,250,352.0,400576.0,8011.52,392564.48,284500,108064.48,9,September,2024
ORD-01012,2025-06-16,Mexico,Enterprise,Montana,High,882,5,30.0,26460.0,2646.0,23814.0,4410,19404.0,6,June,2025
ORD-01013,2024-08-26,Germany,Midmarket,Carretera,None,191,3,18.0,3438.0,0.0,3438.0,573,2865.0,8,August,2024
ORD-01014,2024-07-31,United States,Enterprise,Velo,None,964,120,216.0,208224.0,0.0,208224.0,115680,92544.0,7,July,2024
ORD-01015,2024-12-24,United States,Midmarket,Carretera,Medium,907,3,18.0,16326.0,816.3,15509.7,2721,12788.7,12,December,2024
ORD-01016,2024-03-10,Germany,Channel Partners,VTT,Medium,525,250,256.0,134400.0,6720.0,127680.0,131250,-3570.0,3,March,2024
ORD-01017,2024-01-07,Canada,Channel Partners,Paseo,Low,20,10,24.0,480.0,9.6,470.4,200,270.4,1,January,2024
ORD-01018,2024-06-28,France,Channel Partners,Paseo,High,380,10,24.0,9120.0,912.0,8208.0,3800,4408.0,6,June,2024
ORD-01019,2025-05-05,Mexico,Government,Amarilla,None,798,260,350.0,279300.0,0.0,279300.0,207480,71820.0,5,May,2025
ORD-01020,2025-07-03,Germany,Enterprise,Velo,High,1054,120,216.0,227664.0,22766.4,204897.6,126480,78417.6,7,July,2025
ORD-01021,2024-02-27,United States,Channel Partners,VTT,Medium,552,250,256.0,141312.0,7065.6,134246.4,138000,-3753.6,2,February,2024
ORD-01022,2024-08-01,United States,Channel Partners,Paseo,None,1227,10,24.0,29448.0,0.0,29448.0,12270,17178.0,8,August,2024
ORD-01023,2024-06-01,Germany,Government,Paseo,High,319,10,30.0,9570.0,957.0,8613.0,3190,5423.0,6,June,2024
ORD-01024,2025-08-07,United States,Enterprise,Montana,Medium,340,5,30.0,10200.0,510.0,9690.0,1700,7990.0,8,August,2025
ORD-01025,2024-11-11,Germany,Government,Paseo,Low,646,10,30.0,19380.0,387.6,18992.4,6460,12532.4,11,November,2024
ORD-01026,2025-04-07,Germany,Midmarket,VTT,Low,760,250,288.0,218880.0,4377.6,214502.4,190000,24502.4,4,April,2025
ORD-01027,2024-04-24,Germany,Government,Montana,High,687,5,25.0,17175.0,1717.5,15457.5,3435,12022.5,4,April,2024
ORD-01028,2025-05-09,United States,Midmarket,Montana,Low,853,5,22.5,19192.5,383.85,18808.65,4265,14543.65,5,May,2025
ORD-01029,2025-05-10,United States,Channel Partners,Paseo,None,1281,10,24.0,30744.0,0.0,30744.0,12810,17934.0,5,May,2025
ORD-01030,2025-06-12,France,Midmarket,Amarilla,None,297,260,315.0,93555.0,0.0,93555.0,77220,16335.0,6,June,2025
ORD-01031,2025-01-31,United States,Government,Carretera,Low,1264,3,20.0,25280.0,505.6,24774.4,3792,20982.4,1,January,2025
ORD-01032,2024-03-30,Germany,Enterprise,Carretera,None,927,3,24.0,22248.0,0.0,22248.0,2781,19467.0,3,March,2024
ORD-01033,2025-11-05,Germany,Government,VTT,Medium,766,250,320.0,245120.0,12256.0,232864.0,191500,41364.0,11,November,2025
ORD-01034,2024-07-24,France,Channel Partners,Paseo,Medium,542,10,24.0,13008.0,650.4,12357.6,5420,6937.6,7,July,2024
ORD-01035,2025-03-27,Canada,Channel Partners,Montana,None,1205,5,20.0,24100.0,0.0,24100.0,6025,18075.0,3,March,2025
ORD-01036,2025-07-27,United States,Government,Montana,Medium,1413,5,25.0,35325.0,1766.25,33558.75,7065,26493.75,7,July,2025
ORD-01037,2025-07-16,Germany,Channel Partners,Montana,High,896,5,20.0,17920.0,1792.0,16128.0,4480,11648.0,7,July,2025
ORD-01038,2024-06-24,Canada,Channel Partners,VTT,High,313,250,256.0,80128.0,8012.8,72115.2,78250,-6134.8,6,June,2024
ORD-01039,2025-07-07,Mexico,Government,Montana,None,701,5,25.0,17525.0,0.0,17525.0,3505,14020.0,7,July,2025
ORD-01040,2025-01-27,Canada,Government,Velo,Low,520,120,180.0,93600.0,1872.0,91728.0,62400,29328.0,1,January,2025
ORD-01041,2025-12-22,United States,Small Business,Amarilla,High,840,260,385.0,323400.0,32340.0,291060.0,218400,72660.0,12,December,2025
ORD-01042,2024-11-15,Germany,Midmarket,Amarilla,Medium,412,260,315.0,129780.0,6489.0,123291.0,107120,16171.0,11,November,2024
ORD-01043,2025-06-30,Canada,Enterprise,VTT,None,911,250,384.0,349824.0,0.0,349824.0,227750,122074.0,6,June,2025
ORD-01044,2025-04-24,Canada,Enterprise,Paseo,Medium,74,10,36.0,2664.0,133.2,2530.8,740,1790.8,4,April,2025
ORD-01045,2025-12-28,Mexico,Enterprise,Montana,High,1231,5,30.0,36930.0,3693.0,33237.0,6155,27082.0,12,December,2025
ORD-01046,2024-09-21,Germany,Enterprise,Montana,Medium,1296,5,30.0,38880.0,1944.0,36936.0,6480,30456.0,9,September,2024
ORD-01047,2025-11-12,Germany,Channel Partners,Velo,Low,1126,120,144.0,162144.0,3242.88,158901.12,135120,23781.12,11,November,2025
ORD-01048,2025-05-05,Mexico,Midmarket,Paseo,Medium,682,10,27.0,18414.0,920.7,17493.3,6820,10673.3,5,May,2025
ORD-01049,2025-09-10,United States,Midmarket,VTT,None,1086,250,288.0,312768.0,0.0,312768.0,271500,41268.0,9,September,2025
ORD-01050,2024-11-29,United States,Government,Paseo,Medium,312,10,30.0,9360.0,468.0,8892.0,3120,5772.0,11,November,2024
ORD-01051,2025-02-14,United States,Enterprise,Montana,Medium,20,5,30.0,600.0,30.0,570.0,100,470.0,2,February,2025
ORD-01052,2025-01-28,Canada,Channel Partners,Montana,Medium,371,5,20.0,7420.0,371.0,7049.0,1855,5194.0,1,January,2025
ORD-01053,2025-08-28,Mexico,Enterprise,VTT,Medium,439,250,384.0,168576.0,8428.8,160147.2,109750,50397.2,8,August,2025
ORD-01054,2025-11-09,Canada,Small Business,Velo,None,759,120,198.0,150282.0,0.0,150282.0,91080,59202.0,11,November,2025
ORD-01055,2025-09-02,Mexico,Channel Partners,VTT,None,411,250,256.0,105216.0,0.0,105216.0,102750,2466.0,9,September,2025
ORD-01056,2025-02-19,Canada,Small Business,Carretera,Medium,635,3,22.0,13970.0,698.5,13271.5,1905,11366.5,2,February,2025
ORD-01057,2025-09-02,Mexico,Channel Partners,Velo,Medium,805,120,144.0,115920.0,5796.0,110124.0,96600,13524.0,9,September,2025
ORD-01058,2024-05-22,United States,Government,Montana,Medium,919,5,25.0,22975.0,1148.75,21826.25,4595,17231.25,5,May,2024
ORD-01059,2025-04-08,United States,Channel Partners,Velo,Medium,598,120,144.0,86112.0,4305.6,81806.4,71760,10046.4,4,April,2025
ORD-01060,2024-11-20,Germany,Small Business,Amarilla,Low,1034,260,385.0,398090.0,7961.8,390128.2,268840,121288.2,11,November,2024
ORD-01061,2025-03-21,Germany,Government,VTT,None,1084,250,320.0,346880.0,0.0,346880.0,271000,75880.0,3,March,2025
ORD-01062,2024-05-10,Germany,Government,Paseo,High,727,10,30.0,21810.0,2181.0,19629.0,7270,12359.0,5,May,2024
ORD-01063,2024-02-24,Canada,Small Business,Paseo,None,552,10,33.0,18216.0,0.0,18216.0,5520,12696.0,2,February,2024
ORD-01064,2025-03-18,United States,Enterprise,Amarilla,Low,913,260,420.0,383460.0,7669.2,375790.8,237380,138410.8,3,March,2025
ORD-01065,2025-01-26,Mexico,Enterprise,Velo,Medium,399,120,216.0,86184.0,4309.2,81874.8,47880,33994.8,1,January,2025
ORD-01066,2024-07-11,United States,Enterprise,Paseo,High,483,10,36.0,17388.0,1738.8,15649.2,4830,10819.2,7,July,2024
ORD-01067,2024-06-06,Germany,Midmarket,Montana,None,648,5,22.5,14580.0,0.0,14580.0,3240,11340.0,6,June,2024
ORD-01068,2025-05-13,Mexico,Midmarket,Carretera,None,509,3,18.0,9162.0,0.0,9162.0,1527,7635.0,5,May,2025
ORD-01069,2025-03-01,Mexico,Small Business,Velo,Medium,357,120,198.0,70686.0,3534.3,67151.7,42840,24311.7,3,March,2025
ORD-01070,2025-04-05,Mexico,Channel Partners,Montana,None,710,5,20.0,14200.0,0.0,14200.0,3550,10650.0,4,April,2025
ORD-01071,2025-09-11,Canada,Small Business,Velo,High,692,120,198.0,137016.0,13701.6,123314.4,83040,40274.4,9,September,2025
ORD-01072,2025-02-24,United States,Small Business,Paseo,None,1056,10,33.0,34848.0,0.0,34848.0,10560,24288.0,2,February,2025
ORD-01073,2024-02-08,United States,Enterprise,Amarilla,Low,29,260,420.0,12180.0,243.6,11936.4,7540,4396.4,2,February,2024
ORD-01074,2024-03-22,France,Small Business,Paseo,Low,329,10,33.0,10857.0,217.14,10639.86,3290,7349.86,3,March,2024
ORD-01075,2024-03-21,United States,Small Business,Carretera,Low,469,3,22.0,10318.0,206.36,10111.64,1407,8704.64,3,March,2024
ORD-01076,2025-11-15,Canada,Small Business,VTT,Low,446,250,352.0,156992.0,3139.84,153852.16,111500,42352.16,11,November,2025
ORD-01077,2024-02-24,Germany,Small Business,Carretera,Low,333,3,22.0,7326.0,146.52,7179.48,999,6180.48,2,February,2024
ORD-01078,2024-12-05,Mexico,Channel Partners,Paseo,Low,757,10,24.0,18168.0,363.36,17804.64,7570,10234.64,12,December,2024
ORD-01079,2024-02-06,United States,Channel Partners,Amarilla,Medium,674,260,280.0,188720.0,9436.0,179284.0,175240,4044.0,2,February,2024
ORD-01080,2025-08-15,France,Small Business,Carretera,Medium,1121,3,22.0,24662.0,1233.1,23428.9,3363,20065.9,8,August,2025
ORD-01081,2024-10-25,United States,Government,Paseo,Low,1156,10,30.0,34680.0,693.6,33986.4,11560,22426.4,10,October,2024
ORD-01082,2024-10-11,Germany,Midmarket,VTT,Low,1060,250,288.0,305280.0,6105.6,299174.4,265000,34174.4,10,October,2024
ORD-01083,2024-09-20,Canada,Government,VTT,None,528,250,320.0,168960.0,0.0,168960.0,132000,36960.0,9,September,2024
ORD-01084,2025-04-02,Germany,Midmarket,Paseo,Medium,654,10,27.0,17658.0,882.9,16775.1,6540,10235.1,4,April,2025
ORD-01085,2024-08-29,Mexico,Midmarket,VTT,High,567,250,288.0,163296.0,16329.6,146966.4,141750,5216.4,8,August,2024
ORD-01086,2024-05-28,United States,Midmarket,Velo,Medium,950,120,162.0,153900.0,7695.0,146205.0,114000,32205.0,5,May,2024
ORD-01087,2025-02-26,Mexico,Midmarket,Amarilla,Low,432,260,315.0,136080.0,2721.6,133358.4,112320,21038.4,2,February,2025
ORD-01088,2024-12-19,Canada,Channel Partners,Carretera,None,644,3,16.0,10304.0,0.0,10304.0,1932,8372.0,12,December,2024
ORD-01089,2025-04-20,Mexico,Enterprise,Paseo,Low,1208,10,36.0,43488.0,869.76,42618.24,12080,30538.24,4,April,2025
ORD-01090,2024-08-27,Mexico,Enterprise,Velo,Low,434,120,216.0,93744.0,1874.88,91869.12,52080,39789.12,8,August,2024
ORD-01091,2025-06-27,Mexico,Government,Paseo,High,244,10,30.0,7320.0,732.0,6588.0,2440,4148.0,6,June,2025
ORD-01092,2025-06-26,Canada,Government,VTT,Medium,800,250,320.0,256000.0,12800.0,243200.0,200000,43200.0,6,June,2025
ORD-01093,2025-03-18,United States,Channel Partners,Paseo,Low,913,10,24.0,21912.0,438.24,21473.76,9130,12343.76,3,March,2025
ORD-01094,2025-08-21,Mexico,Enterprise,Amarilla,Medium,433,260,420.0,181860.0,9093.0,172767.0,112580,60187.0,8,August,2025
ORD-01095,2025-11-19,United States,Midmarket,VTT,Low,930,250,288.0,267840.0,5356.8,262483.2,232500,29983.2,11,November,2025
ORD-01096,2025-07-14,Canada,Government,Carretera,None,497,3,20.0,9940.0,0.0,9940.0,1491,8449.0,7,July,2025
ORD-01097,2024-04-10,United States,Government,Amarilla,Low,881,260,350.0,308350.0,6167.0,302183.0,229060,73123.0,4,April,2024
ORD-01098,2024-07-16,Canada,Government,VTT,None,893,250,320.0,285760.0,0.0,285760.0,223250,62510.0,7,July,2024
ORD-01099,2025-08-31,France,Small Business,Amarilla,None,823,260,385.0,316855.0,0.0,316855.0,213980,102875.0,8,August,2025
ORD-01100,2025-09-11,France,Enterprise,Amarilla,Medium,666,260,420.0,279720.0,13986.0,265734.0,173160,92574.0,9,September,2025
ORD-01101,2025-10-25,United States,Midmarket,Carretera,Medium,1022,3,18.0,18396.0,919.8,17476.2,3066,14410.2,10,October,2025
ORD-01102,2024-03-18,Mexico,Channel Partners,Velo,Medium,932,120,144.0,134208.0,6710.4,127497.6,111840,15657.6,3,March,2024
ORD-01103,2025-11-14,Germany,Channel Partners,Montana,Medium,920,5,20.0,18400.0,920.0,17480.0,4600,12880.0,11,November,2025
ORD-01104,2025-02-01,Germany,Government,Paseo,High,740,10,30.0,22200.0,2220.0,19980.0,7400,12580.0,2,February,2025
ORD-01105,2024-09-28,France,Enterprise,Carretera,Low,1071,3,24.0,25704.0,514.08,25189.92,3213,21976.92,9,September,2024
ORD-01106,2024-07-01,Mexico,Government,Montana,Medium,469,5,25.0,11725.0,586.25,11138.75,2345,8793.75,7,July,2024
ORD-01107,2025-03-17,France,Small Business,Amarilla,None,483,260,385.0,185955.0,0.0,185955.0,125580,60375.0,3,March,2025
ORD-01108,2024-02-05,Canada,Government,VTT,Medium,632,250,320.0,202240.0,10112.0,192128.0,158000,34128.0,2,February,2024
ORD-01109,2025-04-01,Canada,Enterprise,Montana,Medium,744,5,30.0,22320.0,1116.0,21204.0,3720,17484.0,4,April,2025
ORD-01110,2025-02-03,Germany,Midmarket,Amarilla,Low,643,260,315.0,202545.0,4050.9,198494.1,167180,31314.1,2,February,2025
ORD-01111,2025-02-04,United States,Government,VTT,Medium,747,250,320.0,239040.0,11952.0,227088.0,186750,40338.0,2,February,2025
ORD-01112,2025-02-17,Canada,Small Business,Montana,None,291,5,27.5,8002.5,0.0,8002.5,1455,6547.5,2,February,2025
ORD-01113,2025-12-06,Mexico,Government,VTT,Medium,1091,250,320.0,349120.0,17456.0,331664.0,272750,58914.0,12,December,2025
ORD-01114,2024-11-06,Mexico,Government,Amarilla,High,771,260,350.0,269850.0,26985.0,242865.0,200460,42405.0,11,November,2024
ORD-01115,2025-10-24,Canada,Channel Partners,VTT,High,464,250,256.0,118784.0,11878.4,106905.6,116000,-9094.4,10,October,2025
ORD-01116,2024-10-23,France,Midmarket,VTT,None,1482,250,288.0,426816.0,0.0,426816.0,370500,56316.0,10,October,2024
ORD-01117,2025-01-28,France,Channel Partners,Amarilla,Low,900,260,280.0,252000.0,5040.0,246960.0,234000,12960.0,1,January,2025
ORD-01118,2025-05-13,Canada,Enterprise,Amarilla,None,935,260,420.0,392700.0,0.0,392700.0,243100,149600.0,5,May,2025
ORD-01119,2024-02-06,France,Government,Amarilla,High,613,260,350.0,214550.0,21455.0,193095.0,159380,33715.0,2,February,2024
ORD-01120,2025-07-07,Germany,Enterprise,VTT,High,1076,250,384.0,413184.0,41318.4,371865.6,269000,102865.6,7,July,2025
ORD-01121,2025-04-05,Canada,Government,Paseo,None,684,10,30.0,20520.0,0.0,20520.0,6840,13680.0,4,April,2025
ORD-01122,2024-05-01,France,Small Business,Velo,High,613,120,198.0,121374.0,12137.4,109236.6,73560,35676.6,5,May,2024
ORD-01123,2025-07-03,France,Small Business,Montana,High,861,5,27.5,23677.5,2367.75,21309.75,4305,17004.75,7,July,2025
ORD-01124,2025-10-31,Canada,Enterprise,VTT,None,876,250,384.0,336384.0,0.0,336384.0,219000,117384.0,10,October,2025
ORD-01125,2025-12-19,France,Government,Montana,Medium,1449,5,25.0,36225.0,1811.25,34413.75,7245,27168.75,12,December,2025
ORD-01126,2024-04-09,Mexico,Small Business,Montana,High,347,5,27.5,9542.5,954.25,8588.25,1735,6853.25,4,April,2024
ORD-01127,2024-03-06,Canada,Government,Velo,Medium,588,120,180.0,105840.0,5292.0,100548.0,70560,29988.0,3,March,2024
ORD-01128,2024-07-26,Mexico,Channel Partners,Amarilla,Medium,565,260,280.0,158200.0,7910.0,150290.0,146900,3390.0,7,July,2024
ORD-01129,2024-11-28,Canada,Small Business,VTT,None,1158,250,352.0,407616.0,0.0,407616.0,289500,118116.0,11,November,2024
ORD-01130,2024-02-16,United States,Midmarket,Paseo,None,244,10,27.0,6588.0,0.0,6588.0,2440,4148.0,2,February,2024
ORD-01131,2024-10-07,France,Enterprise,Montana,Medium,494,5,30.0,14820.0,741.0,14079.0,2470,11609.0,10,October,2024
ORD-01132,2025-08-18,Canada,Midmarket,Carretera,Medium,564,3,18.0,10152.0,507.6,9644.4,1692,7952.4,8,August,2025
ORD-01133,2025-10-09,United States,Enterprise,Montana,None,982,5,30.0,29460.0,0.0,29460.0,4910,24550.0,10,October,2025
ORD-01134,2024-07-02,Canada,Small Business,Paseo,Low,667,10,33.0,22011.0,440.22,21570.78,6670,14900.78,7,July,2024
ORD-01135,2025-05-02,France,Midmarket,Montana,Medium,394,5,22.5,8865.0,443.25,8421.75,1970,6451.75,5,May,2025
ORD-01136,2024-06-27,United States,Government,VTT,None,773,250,320.0,247360.0,0.0,247360.0,193250,54110.0,6,June,2024
ORD-01137,2025-05-26,United States,Government,Amarilla,High,709,260,350.0,248150.0,24815.0,223335.0,184340,38995.0,5,May,2025
ORD-01138,2025-07-25,France,Midmarket,Carretera,High,996,3,18.0,17928.0,1792.8,16135.2,2988,13147.2,7,July,2025
ORD-01139,2024-04-07,United States,Channel Partners,VTT,Low,341,250,256.0,87296.0,1745.92,85550.08,85250,300.08,4,April,2024
ORD-01140,2024-08-01,Germany,Government,Montana,None,857,5,25.0,21425.0,0.0,21425.0,4285,17140.0,8,August,2024
ORD-01141,2024-06-01,Mexico,Enterprise,Montana,None,709,5,30.0,21270.0,0.0,21270.0,3545,17725.0,6,June,2024
ORD-01142,2025-01-07,Germany,Midmarket,Velo,Low,599,120,162.0,97038.0,1940.76,95097.24,71880,23217.24,1,January,2025
ORD-01143,2025-09-23,Mexico,Government,Carretera,Medium,779,3,20.0,15580.0,779.0,14801.0,2337,12464.0,9,September,2025
ORD-01144,2024-01-30,Mexico,Small Business,Carretera,None,470,3,22.0,10340.0,0.0,10340.0,1410,8930.0,1,January,2024
ORD-01145,2024-08-28,Mexico,Small Business,VTT,Low,758,250,352.0,266816.0,5336.32,261479.68,189500,71979.68,8,August,2024
ORD-01146,2024-11-29,France,Government,Paseo,Low,1409,10,30.0,42270.0,845.4,41424.6,14090,27334.6,11,November,2024
ORD-01147,2024-08-30,Mexico,Midmarket,Velo,High,950,120,162.0,153900.0,15390.0,138510.0,114000,24510.0,8,August,2024
ORD-01148,2024-02-25,Mexico,Midmarket,Montana,High,671,5,22.5,15097.5,1509.75,13587.75,3355,10232.75,2,February,2024
ORD-01149,2025-04-10,France,Enterprise,Paseo,None,620,10,36.0,22320.0,0.0,22320.0,6200,16120.0,4,April,2025
ORD-01150,2024-10-03,France,Channel Partners,Montana,None,354,5,20.0,7080.0,0.0,7080.0,1770,5310.0,10,October,2024
ORD-01151,2025-08-05,Canada,Channel Partners,Montana,None,375,5,20.0,7500.0,0.0,7500.0,1875,5625.0,8,August,2025
ORD-01152,2024-12-17,France,Channel Partners,VTT,None,958,250,256.0,245248.0,0.0,245248.0,239500,5748.0,12,December,2024
ORD-01153,2025-10-15,United States,Midmarket,VTT,High,1147,250,288.0,330336.0,33033.6,297302.4,286750,10552.4,10,October,2025
ORD-01154,2025-06-18,Mexico,Midmarket,VTT,Low,539,250,288.0,155232.0,3104.64,152127.36,134750,17377.36,6,June,2025
ORD-01155,2025-04-18,Germany,Government,Amarilla,Low,926,260,350.0,324100.0,6482.0,317618.0,240760,76858.0,4,April,2025
ORD-01156,2025-03-20,United States,Midmarket,VTT,High,634,250,288.0,182592.0,18259.2,164332.8,158500,5832.8,3,March,2025
ORD-01157,2025-08-10,Canada,Enterprise,Carretera,None,185,3,24.0,4440.0,0.0,4440.0,555,3885.0,8,August,2025
ORD-01158,2024-02-04,Mexico,Small Business,Velo,Low,607,120,198.0,120186.0,2403.72,117782.28,72840,44942.28,2,February,2024
ORD-01159,2025-12-14,Canada,Enterprise,Velo,Low,778,120,216.0,168048.0,3360.96,164687.04,93360,71327.04,12,December,2025
ORD-01160,2025-02-20,France,Midmarket,Paseo,Low,580,10,27.0,15660.0,313.2,15346.8,5800,9546.8,2,February,2025
ORD-01161,2025-10-25,Canada,Government,Velo,Medium,1039,120,180.0,187020.0,9351.0,177669.0,124680,52989.0,10,October,2025
ORD-01162,2025-08-07,United States,Government,Velo,Low,1159,120,180.0,208620.0,4172.4,204447.6,139080,65367.6,8,August,2025
ORD-01163,2024-05-21,Mexico,Midmarket,Paseo,Medium,625,10,27.0,16875.0,843.75,16031.25,6250,9781.25,5,May,2024
ORD-01164,2025-10-04,Canada,Enterprise,Amarilla,Low,813,260,420.0,341460.0,6829.2,334630.8,211380,123250.8,10,October,2025
ORD-01165,2024-02-03,Germany,Enterprise,Paseo,Medium,368,10,36.0,13248.0,662.4,12585.6,3680,8905.6,2,February,2024
ORD-01166,2024-07-31,Canada,Small Business,Paseo,Medium,422,10,33.0,13926.0,696.3,13229.7,4220,9009.7,7,July,2024
ORD-01167,2024-02-26,United States,Channel Partners,Carretera,None,424,3,16.0,6784.0,0.0,6784.0,1272,5512.0,2,February,2024
ORD-01168,2025-01-09,Germany,Midmarket,Amarilla,Medium,928,260,315.0,292320.0,14616.0,277704.0,241280,36424.0,1,January,2025
ORD-01169,2024-03-09,United States,Midmarket,Montana,High,838,5,22.5,18855.0,1885.5,16969.5,4190,12779.5,3,March,2024
ORD-01170,2025-05-04,United States,Midmarket,Amarilla,Medium,999,260,315.0,314685.0,15734.25,298950.75,259740,39210.75,5,May,2025
ORD-01171,2024-11-24,Germany,Channel Partners,VTT,Medium,920,250,256.0,235520.0,11776.0,223744.0,230000,-6256.0,11,November,2024
ORD-01172,2024-12-19,Mexico,Enterprise,VTT,Medium,907,250,384.0,348288.0,17414.4,330873.6,226750,104123.6,12,December,2024
ORD-01173,2024-05-05,Mexico,Small Business,Amarilla,High,868,260,385.0,334180.0,33418.0,300762.0,225680,75082.0,5,May,2024
ORD-01174,2025-01-11,Canada,Midmarket,Velo,None,408,120,162.0,66096.0,0.0,66096.0,48960,17136.0,1,January,2025
ORD-01175,2025-02-04,France,Channel Partners,Carretera,None,531,3,16.0,8496.0,0.0,8496.0,1593,6903.0,2,February,2025
ORD-01176,2025-05-23,France,Midmarket,VTT,High,1157,250,288.0,333216.0,33321.6,299894.4,289250,10644.4,5,May,2025
ORD-01177,2024-01-24,Germany,Enterprise,Amarilla,Medium,814,260,420.0,341880.0,17094.0,324786.0,211640,113146.0,1,January,2024
ORD-01178,2025-03-30,Canada,Channel Partners,Montana,None,858,5,20.0,17160.0,0.0,17160.0,4290,12870.0,3,March,2025
ORD-01179,2024-08-25,United States,Channel Partners,Velo,Medium,478,120,144.0,68832.0,3441.6,65390.4,57360,8030.4,8,August,2024
ORD-01180,2025-05-12,United States,Small Business,VTT,Low,309,250,352.0,108768.0,2175.36,106592.64,77250,29342.64,5,May,2025
ORD-01181,2024-11-07,United States,Midmarket,Paseo,None,1000,10,27.0,27000.0,0.0,27000.0,10000,17000.0,11,November,2024
ORD-01182,2024-10-22,Canada,Midmarket,Paseo,Low,1240,10,27.0,33480.0,669.6,32810.4,12400,20410.4,10,October,2024
ORD-01183,2024-06-19,United States,Midmarket,Amarilla,Medium,916,260,315.0,288540.0,14427.0,274113.0,238160,35953.0,6,June,2024
ORD-01184,2025-12-26,France,Midmarket,Montana,None,1087,5,22.5,24457.5,0.0,24457.5,5435,19022.5,12,December,2025
ORD-01185,2024-11-20,United States,Midmarket,Velo,Low,1260,120,162.0,204120.0,4082.4,200037.6,151200,48837.6,11,November,2024
ORD-01186,2024-02-05,Germany,Channel Partners,Montana,Low,967,5,20.0,19340.0,386.8,18953.2,4835,14118.2,2,February,2024
ORD-01187,2025-07-06,France,Small Business,Paseo,None,1385,10,33.0,45705.0,0.0,45705.0,13850,31855.0,7,July,2025
ORD-01188,2024-05-28,Mexico,Channel Partners,Montana,None,727,5,20.0,14540.0,0.0,14540.0,3635,10905.0,5,May,2024
ORD-01189,2025-07-13,United States,Channel Partners,Amarilla,Medium,537,260,280.0,150360.0,7518.0,142842.0,139620,3222.0,7,July,2025
ORD-01190,2025-08-10,France,Small Business,Amarilla,High,740,260,385.0,284900.0,28490.0,256410.0,192400,64010.0,8,August,2025
ORD-01191,2025-03-28,Germany,Government,Amarilla,Low,1228,260,350.0,429800.0,8596.0,421204.0,319280,101924.0,3,March,2025
ORD-01192,2024-04-29,Germany,Government,Velo,Medium,877,120,180.0,157860.0,7893.0,149967.0,105240,44727.0,4,April,2024
ORD-01193,2024-08-13,Mexico,Channel Partners,Carretera,Low,491,3,16.0,7856.0,157.12,7698.88,1473,6225.88,8,August,2024
ORD-01194,2025-06-23,France,Channel Partners,Montana,None,575,5,20.0,11500.0,0.0,11500.0,2875,8625.0,6,June,2025
ORD-01195,2025-07-05,Mexico,Government,VTT,Low,263,250,320.0,84160.0,1683.2,82476.8,65750,16726.8,7,July,2025
ORD-01196,2025-06-07,Canada,Channel Partners,Velo,None,688,120,144.0,99072.0,0.0,99072.0,82560,16512.0,6,June,2025
ORD-01197,2025-03-13,Germany,Enterprise,Paseo,None,599,10,36.0,21564.0,0.0,21564.0,5990,15574.0,3,March,2025
ORD-01198,2025-04-01,United States,Government,Montana,Medium,1077,5,25.0,26925.0,1346.25,25578.75,5385,20193.75,4,April,2025
ORD-01199,2025-03-30,Mexico,Enterprise,Paseo,None,550,10,36.0,19800.0,0.0,19800.0,5500,14300.0,3,March,2025
ORD-01200,2025-02-28,France,Small Business,VTT,None,55,250,352.0,19360.0,0.0,19360.0,13750,5610.0,2,February,2025
